Category,Question,Answer
Adrigizmo Services,WhatsApp support? (QID-1),Please visit our official portal at www.adrigizmo.com for detailed information regarding Adrigizmo Services.
Adrigizmo Services,About M.T. Manukumar? (QID-2),Please visit our official portal at www.adrigizmo.com for detailed information regarding Adrigizmo Services.
Free Courses,Course assessment process? (QID-3),"All courses on Alison via ADRIGIZMO are 100% free to learn. You can access 6,000+ courses, modules, and quizzes without upfront costs. Certificates are optional for a small fee."
ATS Resume Builder,How to build a resume? (QID-4),Our ATS Resume Builder is 100% free. It is designed to pass Applicant Tracking Systems. Your data stays in your browser and is not stored on our servers.
Game & Challenge,Field selection? (QID-5),Please visit our official portal at www.adrigizmo.com for detailed information regarding Game & Challenge.
Adrigizmo Services,WhatsApp support? (QID-6),Please visit our official portal at www.adrigizmo.com for detailed information regarding Adrigizmo Services.
Career Guidance,Importance of practical skills? (QID-7),Continuous upskilling is essential in 2026. Practical skills and accredited certificates often outweigh traditional degrees. Start your upskilling journey with our free accredited tracks.
Game & Challenge,Field selection? (QID-8),Please visit our official portal at www.adrigizmo.com for detailed information regarding Game & Challenge.
ATS Resume Builder,Custom templates? (QID-9),Our ATS Resume Builder is 100% free. It is designed to pass Applicant Tracking Systems. Your data stays in your browser and is not stored on our servers.
Game & Challenge,Field selection? (QID-10),Please visit our official portal at www.adrigizmo.com for detailed information regarding Game & Challenge.
ATS Resume Builder,Is it free? (QID-11),Our ATS Resume Builder is 100% free. It is designed to pass Applicant Tracking Systems. Your data stays in your browser and is not stored on our servers.
Career Guidance,Upskilling importance? (QID-12),Continuous upskilling is essential in 2026. Practical skills and accredited certificates often outweigh traditional degrees. Start your upskilling journey with our free accredited tracks.
Career Guidance,How to choose a career? (QID-13),Continuous upskilling is essential in 2026. Practical skills and accredited certificates often outweigh traditional degrees. Start your upskilling journey with our free accredited tracks.
Career Guidance,Is university degree enough?? (QID-14),Continuous upskilling is essential in 2026. Practical skills and accredited certificates often outweigh traditional degrees. Start your upskilling journey with our free accredited tracks.
Free Courses,Duration of courses? (QID-15),"All courses on Alison via ADRIGIZMO are 100% free to learn. You can access 6,000+ courses, modules, and quizzes without upfront costs. Certificates are optional for a small fee."
Career Guidance,Career growth in 2026? (QID-16),Continuous upskilling is essential in 2026. Practical skills and accredited certificates often outweigh traditional degrees. Start your upskilling journey with our free accredited tracks.
Free Courses,Duration of courses? (QID-17),"All courses on Alison via ADRIGIZMO are 100% free to learn. You can access 6,000+ courses, modules, and quizzes without upfront costs. Certificates are optional for a small fee."
Career Guidance,Is university degree enough?? (QID-18),Continuous upskilling is essential in 2026. Practical skills and accredited certificates often outweigh traditional degrees. Start your upskilling journey with our free accredited tracks.
Adrigizmo Services,Corporate training? (QID-19),Please visit our official portal at www.adrigizmo.com for detailed information regarding Adrigizmo Services.
ATS Resume Builder,How to build a resume? (QID-20),Our ATS Resume Builder is 100% free. It is designed to pass Applicant Tracking Systems. Your data stays in your browser and is not stored on our servers.
Game & Challenge,How to play? (QID-21),Please visit our official portal at www.adrigizmo.com for detailed information regarding Game & Challenge.
Free Courses,How to register for free? (QID-22),"All courses on Alison via ADRIGIZMO are 100% free to learn. You can access 6,000+ courses, modules, and quizzes without upfront costs. Certificates are optional for a small fee."
Adrigizmo Services,WhatsApp support? (QID-23),Please visit our official portal at www.adrigizmo.com for detailed information regarding Adrigizmo Services.
Career Guidance,Is university degree enough?? (QID-24),Continuous upskilling is essential in 2026. Practical skills and accredited certificates often outweigh traditional degrees. Start your upskilling journey with our free accredited tracks.
Free Courses,Course assessment process? (QID-25),"All courses on Alison via ADRIGIZMO are 100% free to learn. You can access 6,000+ courses, modules, and quizzes without upfront costs. Certificates are optional for a small fee."
Game & Challenge,Field selection? (QID-26),Please visit our official portal at www.adrigizmo.com for detailed information regarding Game & Challenge.
Free Courses,How to register for free? (QID-27),"All courses on Alison via ADRIGIZMO are 100% free to learn. You can access 6,000+ courses, modules, and quizzes without upfront costs. Certificates are optional for a small fee."
Career Guidance,Upskilling importance? (QID-28),Continuous upskilling is essential in 2026. Practical skills and accredited certificates often outweigh traditional degrees. Start your upskilling journey with our free accredited tracks.
Game & Challenge,3D Escape Room Challenge? (QID-29),Please visit our official portal at www.adrigizmo.com for detailed information regarding Game & Challenge.
Free Courses,Duration of courses? (QID-30),"All courses on Alison via ADRIGIZMO are 100% free to learn. You can access 6,000+ courses, modules, and quizzes without upfront costs. Certificates are optional for a small fee."
Adrigizmo Services,Contact details? (QID-31),Please visit our official portal at www.adrigizmo.com for detailed information regarding Adrigizmo Services.
Free Courses,Duration of courses? (QID-32),"All courses on Alison via ADRIGIZMO are 100% free to learn. You can access 6,000+ courses, modules, and quizzes without upfront costs. Certificates are optional for a small fee."
ATS Resume Builder,What is ATS resume? (QID-33),Our ATS Resume Builder is 100% free. It is designed to pass Applicant Tracking Systems. Your data stays in your browser and is not stored on our servers.
Game & Challenge,Field selection? (QID-34),Please visit our official portal at www.adrigizmo.com for detailed information regarding Game & Challenge.
Game & Challenge,Purpose of game? (QID-35),Please visit our official portal at www.adrigizmo.com for detailed information regarding Game & Challenge.
Free Courses,Accredited certificates? (QID-36),"All courses on Alison via ADRIGIZMO are 100% free to learn. You can access 6,000+ courses, modules, and quizzes without upfront costs. Certificates are optional for a small fee."
Adrigizmo Services,What is Adrigizmo? (QID-37),Please visit our official portal at www.adrigizmo.com for detailed information regarding Adrigizmo Services.
Career Guidance,Importance of practical skills? (QID-38),Continuous upskilling is essential in 2026. Practical skills and accredited certificates often outweigh traditional degrees. Start your upskilling journey with our free accredited tracks.
Adrigizmo Services,Corporate training? (QID-39),Please visit our official portal at www.adrigizmo.com for detailed information regarding Adrigizmo Services.
Free Courses,Course assessment process? (QID-40),"All courses on Alison via ADRIGIZMO are 100% free to learn. You can access 6,000+ courses, modules, and quizzes without upfront costs. Certificates are optional for a small fee."
Free Courses,Alison free courses? (QID-41),"All courses on Alison via ADRIGIZMO are 100% free to learn. You can access 6,000+ courses, modules, and quizzes without upfront costs. Certificates are optional for a small fee."
Career Guidance,How to choose a career? (QID-42),Continuous upskilling is essential in 2026. Practical skills and accredited certificates often outweigh traditional degrees. Start your upskilling journey with our free accredited tracks.
Free Courses,Accredited certificates? (QID-43),"All courses on Alison via ADRIGIZMO are 100% free to learn. You can access 6,000+ courses, modules, and quizzes without upfront costs. Certificates are optional for a small fee."
Career Guidance,How to choose a career? (QID-44),Continuous upskilling is essential in 2026. Practical skills and accredited certificates often outweigh traditional degrees. Start your upskilling journey with our free accredited tracks.
Adrigizmo Services,Corporate training? (QID-45),Please visit our official portal at www.adrigizmo.com for detailed information regarding Adrigizmo Services.
Free Courses,Alison free courses? (QID-46),"All courses on Alison via ADRIGIZMO are 100% free to learn. You can access 6,000+ courses, modules, and quizzes without upfront costs. Certificates are optional for a small fee."
Free Courses,Accredited certificates? (QID-47),"All courses on Alison via ADRIGIZMO are 100% free to learn. You can access 6,000+ courses, modules, and quizzes without upfront costs. Certificates are optional for a small fee."
Career Guidance,How to choose a career? (QID-48),Continuous upskilling is essential in 2026. Practical skills and accredited certificates often outweigh traditional degrees. Start your upskilling journey with our free accredited tracks.
ATS Resume Builder,What is ATS resume? (QID-49),Our ATS Resume Builder is 100% free. It is designed to pass Applicant Tracking Systems. Your data stays in your browser and is not stored on our servers.
ATS Resume Builder,Privacy of data? (QID-50),Our ATS Resume Builder is 100% free. It is designed to pass Applicant Tracking Systems. Your data stays in your browser and is not stored on our servers.
ATS Resume Builder,Is it free? (QID-51),Our ATS Resume Builder is 100% free. It is designed to pass Applicant Tracking Systems. Your data stays in your browser and is not stored on our servers.
Career Guidance,Is university degree enough?? (QID-52),Continuous upskilling is essential in 2026. Practical skills and accredited certificates often outweigh traditional degrees. Start your upskilling journey with our free accredited tracks.
Adrigizmo Services,What is Adrigizmo? (QID-53),Please visit our official portal at www.adrigizmo.com for detailed information regarding Adrigizmo Services.
Career Guidance,Importance of practical skills? (QID-54),Continuous upskilling is essential in 2026. Practical skills and accredited certificates often outweigh traditional degrees. Start your upskilling journey with our free accredited tracks.
Career Guidance,How to choose a career? (QID-55),Continuous upskilling is essential in 2026. Practical skills and accredited certificates often outweigh traditional degrees. Start your upskilling journey with our free accredited tracks.
Adrigizmo Services,What is Adrigizmo? (QID-56),Please visit our official portal at www.adrigizmo.com for detailed information regarding Adrigizmo Services.
Career Guidance,Is university degree enough?? (QID-57),Continuous upskilling is essential in 2026. Practical skills and accredited certificates often outweigh traditional degrees. Start your upskilling journey with our free accredited tracks.
Game & Challenge,How to play? (QID-58),Please visit our official portal at www.adrigizmo.com for detailed information regarding Game & Challenge.
ATS Resume Builder,What is ATS resume? (QID-59),Our ATS Resume Builder is 100% free. It is designed to pass Applicant Tracking Systems. Your data stays in your browser and is not stored on our servers.
Game & Challenge,Field selection? (QID-60),Please visit our official portal at www.adrigizmo.com for detailed information regarding Game & Challenge.
ATS Resume Builder,Is it free? (QID-61),Our ATS Resume Builder is 100% free. It is designed to pass Applicant Tracking Systems. Your data stays in your browser and is not stored on our servers.
Career Guidance,How to choose a career? (QID-62),Continuous upskilling is essential in 2026. Practical skills and accredited certificates often outweigh traditional degrees. Start your upskilling journey with our free accredited tracks.
Free Courses,How to register for free? (QID-63),"All courses on Alison via ADRIGIZMO are 100% free to learn. You can access 6,000+ courses, modules, and quizzes without upfront costs. Certificates are optional for a small fee."
Game & Challenge,Purpose of game? (QID-64),Please visit our official portal at www.adrigizmo.com for detailed information regarding Game & Challenge.
Free Courses,Accredited certificates? (QID-65),"All courses on Alison via ADRIGIZMO are 100% free to learn. You can access 6,000+ courses, modules, and quizzes without upfront costs. Certificates are optional for a small fee."
Free Courses,Duration of courses? (QID-66),"All courses on Alison via ADRIGIZMO are 100% free to learn. You can access 6,000+ courses, modules, and quizzes without upfront costs. Certificates are optional for a small fee."
Free Courses,Accredited certificates? (QID-67),"All courses on Alison via ADRIGIZMO are 100% free to learn. You can access 6,000+ courses, modules, and quizzes without upfront costs. Certificates are optional for a small fee."
Game & Challenge,How to play? (QID-68),Please visit our official portal at www.adrigizmo.com for detailed information regarding Game & Challenge.
Free Courses,Alison free courses? (QID-69),"All courses on Alison via ADRIGIZMO are 100% free to learn. You can access 6,000+ courses, modules, and quizzes without upfront costs. Certificates are optional for a small fee."
ATS Resume Builder,Privacy of data? (QID-70),Our ATS Resume Builder is 100% free. It is designed to pass Applicant Tracking Systems. Your data stays in your browser and is not stored on our servers.
ATS Resume Builder,Custom templates? (QID-71),Our ATS Resume Builder is 100% free. It is designed to pass Applicant Tracking Systems. Your data stays in your browser and is not stored on our servers.
Adrigizmo Services,WhatsApp support? (QID-72),Please visit our official portal at www.adrigizmo.com for detailed information regarding Adrigizmo Services.
Free Courses,Alison free courses? (QID-73),"All courses on Alison via ADRIGIZMO are 100% free to learn. You can access 6,000+ courses, modules, and quizzes without upfront costs. Certificates are optional for a small fee."
Adrigizmo Services,Contact details? (QID-74),Please visit our official portal at www.adrigizmo.com for detailed information regarding Adrigizmo Services.
Free Courses,Duration of courses? (QID-75),"All courses on Alison via ADRIGIZMO are 100% free to learn. You can access 6,000+ courses, modules, and quizzes without upfront costs. Certificates are optional for a small fee."
Free Courses,Accredited certificates? (QID-76),"All courses on Alison via ADRIGIZMO are 100% free to learn. You can access 6,000+ courses, modules, and quizzes without upfront costs. Certificates are optional for a small fee."
ATS Resume Builder,Custom templates? (QID-77),Our ATS Resume Builder is 100% free. It is designed to pass Applicant Tracking Systems. Your data stays in your browser and is not stored on our servers.
ATS Resume Builder,What is ATS resume? (QID-78),Our ATS Resume Builder is 100% free. It is designed to pass Applicant Tracking Systems. Your data stays in your browser and is not stored on our servers.
Adrigizmo Services,About M.T. Manukumar? (QID-79),Please visit our official portal at www.adrigizmo.com for detailed information regarding Adrigizmo Services.
Game & Challenge,Purpose of game? (QID-80),Please visit our official portal at www.adrigizmo.com for detailed information regarding Game & Challenge.
ATS Resume Builder,Is it free? (QID-81),Our ATS Resume Builder is 100% free. It is designed to pass Applicant Tracking Systems. Your data stays in your browser and is not stored on our servers.
Career Guidance,Career growth in 2026? (QID-82),Continuous upskilling is essential in 2026. Practical skills and accredited certificates often outweigh traditional degrees. Start your upskilling journey with our free accredited tracks.
Adrigizmo Services,Contact details? (QID-83),Please visit our official portal at www.adrigizmo.com for detailed information regarding Adrigizmo Services.
Free Courses,Duration of courses? (QID-84),"All courses on Alison via ADRIGIZMO are 100% free to learn. You can access 6,000+ courses, modules, and quizzes without upfront costs. Certificates are optional for a small fee."
Free Courses,Alison free courses? (QID-85),"All courses on Alison via ADRIGIZMO are 100% free to learn. You can access 6,000+ courses, modules, and quizzes without upfront costs. Certificates are optional for a small fee."
Career Guidance,How to choose a career? (QID-86),Continuous upskilling is essential in 2026. Practical skills and accredited certificates often outweigh traditional degrees. Start your upskilling journey with our free accredited tracks.
Game & Challenge,How to play? (QID-87),Please visit our official portal at www.adrigizmo.com for detailed information regarding Game & Challenge.
ATS Resume Builder,Custom templates? (QID-88),Our ATS Resume Builder is 100% free. It is designed to pass Applicant Tracking Systems. Your data stays in your browser and is not stored on our servers.
Game & Challenge,How to play? (QID-89),Please visit our official portal at www.adrigizmo.com for detailed information regarding Game & Challenge.
Game & Challenge,Field selection? (QID-90),Please visit our official portal at www.adrigizmo.com for detailed information regarding Game & Challenge.
Career Guidance,How to choose a career? (QID-91),Continuous upskilling is essential in 2026. Practical skills and accredited certificates often outweigh traditional degrees. Start your upskilling journey with our free accredited tracks.
Career Guidance,Upskilling importance? (QID-92),Continuous upskilling is essential in 2026. Practical skills and accredited certificates often outweigh traditional degrees. Start your upskilling journey with our free accredited tracks.
Free Courses,Course assessment process? (QID-93),"All courses on Alison via ADRIGIZMO are 100% free to learn. You can access 6,000+ courses, modules, and quizzes without upfront costs. Certificates are optional for a small fee."
Game & Challenge,Field selection? (QID-94),Please visit our official portal at www.adrigizmo.com for detailed information regarding Game & Challenge.
Adrigizmo Services,About M.T. Manukumar? (QID-95),Please visit our official portal at www.adrigizmo.com for detailed information regarding Adrigizmo Services.
Career Guidance,How to choose a career? (QID-96),Continuous upskilling is essential in 2026. Practical skills and accredited certificates often outweigh traditional degrees. Start your upskilling journey with our free accredited tracks.
Adrigizmo Services,About M.T. Manukumar? (QID-97),Please visit our official portal at www.adrigizmo.com for detailed information regarding Adrigizmo Services.
Free Courses,How to register for free? (QID-98),"All courses on Alison via ADRIGIZMO are 100% free to learn. You can access 6,000+ courses, modules, and quizzes without upfront costs. Certificates are optional for a small fee."
Free Courses,Course assessment process? (QID-99),"All courses on Alison via ADRIGIZMO are 100% free to learn. You can access 6,000+ courses, modules, and quizzes without upfront costs. Certificates are optional for a small fee."
ATS Resume Builder,What is ATS resume? (QID-100),Our ATS Resume Builder is 100% free. It is designed to pass Applicant Tracking Systems. Your data stays in your browser and is not stored on our servers.
ATS Resume Builder,Custom templates? (QID-101),Our ATS Resume Builder is 100% free. It is designed to pass Applicant Tracking Systems. Your data stays in your browser and is not stored on our servers.
ATS Resume Builder,How to build a resume? (QID-102),Our ATS Resume Builder is 100% free. It is designed to pass Applicant Tracking Systems. Your data stays in your browser and is not stored on our servers.
ATS Resume Builder,Privacy of data? (QID-103),Our ATS Resume Builder is 100% free. It is designed to pass Applicant Tracking Systems. Your data stays in your browser and is not stored on our servers.
Free Courses,Alison free courses? (QID-104),"All courses on Alison via ADRIGIZMO are 100% free to learn. You can access 6,000+ courses, modules, and quizzes without upfront costs. Certificates are optional for a small fee."
Adrigizmo Services,Corporate training? (QID-105),Please visit our official portal at www.adrigizmo.com for detailed information regarding Adrigizmo Services.
Career Guidance,Is university degree enough?? (QID-106),Continuous upskilling is essential in 2026. Practical skills and accredited certificates often outweigh traditional degrees. Start your upskilling journey with our free accredited tracks.
Free Courses,How to register for free? (QID-107),"All courses on Alison via ADRIGIZMO are 100% free to learn. You can access 6,000+ courses, modules, and quizzes without upfront costs. Certificates are optional for a small fee."
Free Courses,Alison free courses? (QID-108),"All courses on Alison via ADRIGIZMO are 100% free to learn. You can access 6,000+ courses, modules, and quizzes without upfront costs. Certificates are optional for a small fee."
Game & Challenge,Purpose of game? (QID-109),Please visit our official portal at www.adrigizmo.com for detailed information regarding Game & Challenge.
Free Courses,Duration of courses? (QID-110),"All courses on Alison via ADRIGIZMO are 100% free to learn. You can access 6,000+ courses, modules, and quizzes without upfront costs. Certificates are optional for a small fee."
Free Courses,Accredited certificates? (QID-111),"All courses on Alison via ADRIGIZMO are 100% free to learn. You can access 6,000+ courses, modules, and quizzes without upfront costs. Certificates are optional for a small fee."
Free Courses,Alison free courses? (QID-112),"All courses on Alison via ADRIGIZMO are 100% free to learn. You can access 6,000+ courses, modules, and quizzes without upfront costs. Certificates are optional for a small fee."
Game & Challenge,3D Escape Room Challenge? (QID-113),Please visit our official portal at www.adrigizmo.com for detailed information regarding Game & Challenge.
ATS Resume Builder,How to build a resume? (QID-114),Our ATS Resume Builder is 100% free. It is designed to pass Applicant Tracking Systems. Your data stays in your browser and is not stored on our servers.
Free Courses,Duration of courses? (QID-115),"All courses on Alison via ADRIGIZMO are 100% free to learn. You can access 6,000+ courses, modules, and quizzes without upfront costs. Certificates are optional for a small fee."
Career Guidance,Career growth in 2026? (QID-116),Continuous upskilling is essential in 2026. Practical skills and accredited certificates often outweigh traditional degrees. Start your upskilling journey with our free accredited tracks.
Free Courses,How to register for free? (QID-117),"All courses on Alison via ADRIGIZMO are 100% free to learn. You can access 6,000+ courses, modules, and quizzes without upfront costs. Certificates are optional for a small fee."
Career Guidance,How to choose a career? (QID-118),Continuous upskilling is essential in 2026. Practical skills and accredited certificates often outweigh traditional degrees. Start your upskilling journey with our free accredited tracks.
Adrigizmo Services,Contact details? (QID-119),Please visit our official portal at www.adrigizmo.com for detailed information regarding Adrigizmo Services.
Game & Challenge,How to play? (QID-120),Please visit our official portal at www.adrigizmo.com for detailed information regarding Game & Challenge.
Career Guidance,How to choose a career? (QID-121),Continuous upskilling is essential in 2026. Practical skills and accredited certificates often outweigh traditional degrees. Start your upskilling journey with our free accredited tracks.
Adrigizmo Services,About M.T. Manukumar? (QID-122),Please visit our official portal at www.adrigizmo.com for detailed information regarding Adrigizmo Services.
Game & Challenge,Purpose of game? (QID-123),Please visit our official portal at www.adrigizmo.com for detailed information regarding Game & Challenge.
Adrigizmo Services,About M.T. Manukumar? (QID-124),Please visit our official portal at www.adrigizmo.com for detailed information regarding Adrigizmo Services.
Game & Challenge,Field selection? (QID-125),Please visit our official portal at www.adrigizmo.com for detailed information regarding Game & Challenge.
Free Courses,Alison free courses? (QID-126),"All courses on Alison via ADRIGIZMO are 100% free to learn. You can access 6,000+ courses, modules, and quizzes without upfront costs. Certificates are optional for a small fee."
Career Guidance,How to choose a career? (QID-127),Continuous upskilling is essential in 2026. Practical skills and accredited certificates often outweigh traditional degrees. Start your upskilling journey with our free accredited tracks.
ATS Resume Builder,Custom templates? (QID-128),Our ATS Resume Builder is 100% free. It is designed to pass Applicant Tracking Systems. Your data stays in your browser and is not stored on our servers.
Game & Challenge,Field selection? (QID-129),Please visit our official portal at www.adrigizmo.com for detailed information regarding Game & Challenge.
ATS Resume Builder,What is ATS resume? (QID-130),Our ATS Resume Builder is 100% free. It is designed to pass Applicant Tracking Systems. Your data stays in your browser and is not stored on our servers.
Career Guidance,Career growth in 2026? (QID-131),Continuous upskilling is essential in 2026. Practical skills and accredited certificates often outweigh traditional degrees. Start your upskilling journey with our free accredited tracks.
Game & Challenge,3D Escape Room Challenge? (QID-132),Please visit our official portal at www.adrigizmo.com for detailed information regarding Game & Challenge.
Free Courses,How to register for free? (QID-133),"All courses on Alison via ADRIGIZMO are 100% free to learn. You can access 6,000+ courses, modules, and quizzes without upfront costs. Certificates are optional for a small fee."
Free Courses,Course assessment process? (QID-134),"All courses on Alison via ADRIGIZMO are 100% free to learn. You can access 6,000+ courses, modules, and quizzes without upfront costs. Certificates are optional for a small fee."
ATS Resume Builder,What is ATS resume? (QID-135),Our ATS Resume Builder is 100% free. It is designed to pass Applicant Tracking Systems. Your data stays in your browser and is not stored on our servers.
ATS Resume Builder,Custom templates? (QID-136),Our ATS Resume Builder is 100% free. It is designed to pass Applicant Tracking Systems. Your data stays in your browser and is not stored on our servers.
Adrigizmo Services,Contact details? (QID-137),Please visit our official portal at www.adrigizmo.com for detailed information regarding Adrigizmo Services.
Career Guidance,Is university degree enough?? (QID-138),Continuous upskilling is essential in 2026. Practical skills and accredited certificates often outweigh traditional degrees. Start your upskilling journey with our free accredited tracks.
ATS Resume Builder,What is ATS resume? (QID-139),Our ATS Resume Builder is 100% free. It is designed to pass Applicant Tracking Systems. Your data stays in your browser and is not stored on our servers.
Game & Challenge,How to play? (QID-140),Please visit our official portal at www.adrigizmo.com for detailed information regarding Game & Challenge.
Adrigizmo Services,WhatsApp support? (QID-141),Please visit our official portal at www.adrigizmo.com for detailed information regarding Adrigizmo Services.
Career Guidance,Importance of practical skills? (QID-142),Continuous upskilling is essential in 2026. Practical skills and accredited certificates often outweigh traditional degrees. Start your upskilling journey with our free accredited tracks.
Free Courses,Duration of courses? (QID-143),"All courses on Alison via ADRIGIZMO are 100% free to learn. You can access 6,000+ courses, modules, and quizzes without upfront costs. Certificates are optional for a small fee."
Free Courses,Accredited certificates? (QID-144),"All courses on Alison via ADRIGIZMO are 100% free to learn. You can access 6,000+ courses, modules, and quizzes without upfront costs. Certificates are optional for a small fee."
ATS Resume Builder,Custom templates? (QID-145),Our ATS Resume Builder is 100% free. It is designed to pass Applicant Tracking Systems. Your data stays in your browser and is not stored on our servers.
ATS Resume Builder,Custom templates? (QID-146),Our ATS Resume Builder is 100% free. It is designed to pass Applicant Tracking Systems. Your data stays in your browser and is not stored on our servers.
Game & Challenge,How to play? (QID-147),Please visit our official portal at www.adrigizmo.com for detailed information regarding Game & Challenge.
Game & Challenge,Purpose of game? (QID-148),Please visit our official portal at www.adrigizmo.com for detailed information regarding Game & Challenge.
Free Courses,Accredited certificates? (QID-149),"All courses on Alison via ADRIGIZMO are 100% free to learn. You can access 6,000+ courses, modules, and quizzes without upfront costs. Certificates are optional for a small fee."
Career Guidance,Upskilling importance? (QID-150),Continuous upskilling is essential in 2026. Practical skills and accredited certificates often outweigh traditional degrees. Start your upskilling journey with our free accredited tracks.
Free Courses,Duration of courses? (QID-151),"All courses on Alison via ADRIGIZMO are 100% free to learn. You can access 6,000+ courses, modules, and quizzes without upfront costs. Certificates are optional for a small fee."
Career Guidance,Career growth in 2026? (QID-152),Continuous upskilling is essential in 2026. Practical skills and accredited certificates often outweigh traditional degrees. Start your upskilling journey with our free accredited tracks.
Free Courses,Accredited certificates? (QID-153),"All courses on Alison via ADRIGIZMO are 100% free to learn. You can access 6,000+ courses, modules, and quizzes without upfront costs. Certificates are optional for a small fee."
ATS Resume Builder,Privacy of data? (QID-154),Our ATS Resume Builder is 100% free. It is designed to pass Applicant Tracking Systems. Your data stays in your browser and is not stored on our servers.
Career Guidance,How to choose a career? (QID-155),Continuous upskilling is essential in 2026. Practical skills and accredited certificates often outweigh traditional degrees. Start your upskilling journey with our free accredited tracks.
Career Guidance,How to choose a career? (QID-156),Continuous upskilling is essential in 2026. Practical skills and accredited certificates often outweigh traditional degrees. Start your upskilling journey with our free accredited tracks.
Career Guidance,Is university degree enough?? (QID-157),Continuous upskilling is essential in 2026. Practical skills and accredited certificates often outweigh traditional degrees. Start your upskilling journey with our free accredited tracks.
Game & Challenge,How to play? (QID-158),Please visit our official portal at www.adrigizmo.com for detailed information regarding Game & Challenge.
ATS Resume Builder,Privacy of data? (QID-159),Our ATS Resume Builder is 100% free. It is designed to pass Applicant Tracking Systems. Your data stays in your browser and is not stored on our servers.
Game & Challenge,3D Escape Room Challenge? (QID-160),Please visit our official portal at www.adrigizmo.com for detailed information regarding Game & Challenge.
Adrigizmo Services,About M.T. Manukumar? (QID-161),Please visit our official portal at www.adrigizmo.com for detailed information regarding Adrigizmo Services.
Adrigizmo Services,About M.T. Manukumar? (QID-162),Please visit our official portal at www.adrigizmo.com for detailed information regarding Adrigizmo Services.
Adrigizmo Services,What is Adrigizmo? (QID-163),Please visit our official portal at www.adrigizmo.com for detailed information regarding Adrigizmo Services.
ATS Resume Builder,Privacy of data? (QID-164),Our ATS Resume Builder is 100% free. It is designed to pass Applicant Tracking Systems. Your data stays in your browser and is not stored on our servers.
Game & Challenge,Field selection? (QID-165),Please visit our official portal at www.adrigizmo.com for detailed information regarding Game & Challenge.
Free Courses,Accredited certificates? (QID-166),"All courses on Alison via ADRIGIZMO are 100% free to learn. You can access 6,000+ courses, modules, and quizzes without upfront costs. Certificates are optional for a small fee."
Free Courses,Accredited certificates? (QID-167),"All courses on Alison via ADRIGIZMO are 100% free to learn. You can access 6,000+ courses, modules, and quizzes without upfront costs. Certificates are optional for a small fee."
Free Courses,How to register for free? (QID-168),"All courses on Alison via ADRIGIZMO are 100% free to learn. You can access 6,000+ courses, modules, and quizzes without upfront costs. Certificates are optional for a small fee."
Free Courses,How to register for free? (QID-169),"All courses on Alison via ADRIGIZMO are 100% free to learn. You can access 6,000+ courses, modules, and quizzes without upfront costs. Certificates are optional for a small fee."
Career Guidance,Importance of practical skills? (QID-170),Continuous upskilling is essential in 2026. Practical skills and accredited certificates often outweigh traditional degrees. Start your upskilling journey with our free accredited tracks.
ATS Resume Builder,Is it free? (QID-171),Our ATS Resume Builder is 100% free. It is designed to pass Applicant Tracking Systems. Your data stays in your browser and is not stored on our servers.
Game & Challenge,3D Escape Room Challenge? (QID-172),Please visit our official portal at www.adrigizmo.com for detailed information regarding Game & Challenge.
Career Guidance,Importance of practical skills? (QID-173),Continuous upskilling is essential in 2026. Practical skills and accredited certificates often outweigh traditional degrees. Start your upskilling journey with our free accredited tracks.
Career Guidance,How to choose a career? (QID-174),Continuous upskilling is essential in 2026. Practical skills and accredited certificates often outweigh traditional degrees. Start your upskilling journey with our free accredited tracks.
Career Guidance,Importance of practical skills? (QID-175),Continuous upskilling is essential in 2026. Practical skills and accredited certificates often outweigh traditional degrees. Start your upskilling journey with our free accredited tracks.
Free Courses,Alison free courses? (QID-176),"All courses on Alison via ADRIGIZMO are 100% free to learn. You can access 6,000+ courses, modules, and quizzes without upfront costs. Certificates are optional for a small fee."
Free Courses,Course assessment process? (QID-177),"All courses on Alison via ADRIGIZMO are 100% free to learn. You can access 6,000+ courses, modules, and quizzes without upfront costs. Certificates are optional for a small fee."
Free Courses,Alison free courses? (QID-178),"All courses on Alison via ADRIGIZMO are 100% free to learn. You can access 6,000+ courses, modules, and quizzes without upfront costs. Certificates are optional for a small fee."
ATS Resume Builder,Custom templates? (QID-179),Our ATS Resume Builder is 100% free. It is designed to pass Applicant Tracking Systems. Your data stays in your browser and is not stored on our servers.
ATS Resume Builder,Custom templates? (QID-180),Our ATS Resume Builder is 100% free. It is designed to pass Applicant Tracking Systems. Your data stays in your browser and is not stored on our servers.
Career Guidance,How to choose a career? (QID-181),Continuous upskilling is essential in 2026. Practical skills and accredited certificates often outweigh traditional degrees. Start your upskilling journey with our free accredited tracks.
Career Guidance,Career growth in 2026? (QID-182),Continuous upskilling is essential in 2026. Practical skills and accredited certificates often outweigh traditional degrees. Start your upskilling journey with our free accredited tracks.
Career Guidance,Upskilling importance? (QID-183),Continuous upskilling is essential in 2026. Practical skills and accredited certificates often outweigh traditional degrees. Start your upskilling journey with our free accredited tracks.
Career Guidance,How to choose a career? (QID-184),Continuous upskilling is essential in 2026. Practical skills and accredited certificates often outweigh traditional degrees. Start your upskilling journey with our free accredited tracks.
ATS Resume Builder,Is it free? (QID-185),Our ATS Resume Builder is 100% free. It is designed to pass Applicant Tracking Systems. Your data stays in your browser and is not stored on our servers.
Adrigizmo Services,WhatsApp support? (QID-186),Please visit our official portal at www.adrigizmo.com for detailed information regarding Adrigizmo Services.
Adrigizmo Services,Corporate training? (QID-187),Please visit our official portal at www.adrigizmo.com for detailed information regarding Adrigizmo Services.
Free Courses,Alison free courses? (QID-188),"All courses on Alison via ADRIGIZMO are 100% free to learn. You can access 6,000+ courses, modules, and quizzes without upfront costs. Certificates are optional for a small fee."
Career Guidance,Career growth in 2026? (QID-189),Continuous upskilling is essential in 2026. Practical skills and accredited certificates often outweigh traditional degrees. Start your upskilling journey with our free accredited tracks.
ATS Resume Builder,Is it free? (QID-190),Our ATS Resume Builder is 100% free. It is designed to pass Applicant Tracking Systems. Your data stays in your browser and is not stored on our servers.
Game & Challenge,How to play? (QID-191),Please visit our official portal at www.adrigizmo.com for detailed information regarding Game & Challenge.
Adrigizmo Services,Corporate training? (QID-192),Please visit our official portal at www.adrigizmo.com for detailed information regarding Adrigizmo Services.
Career Guidance,Career growth in 2026? (QID-193),Continuous upskilling is essential in 2026. Practical skills and accredited certificates often outweigh traditional degrees. Start your upskilling journey with our free accredited tracks.
Game & Challenge,How to play? (QID-194),Please visit our official portal at www.adrigizmo.com for detailed information regarding Game & Challenge.
Adrigizmo Services,WhatsApp support? (QID-195),Please visit our official portal at www.adrigizmo.com for detailed information regarding Adrigizmo Services.
Career Guidance,How to choose a career? (QID-196),Continuous upskilling is essential in 2026. Practical skills and accredited certificates often outweigh traditional degrees. Start your upskilling journey with our free accredited tracks.
ATS Resume Builder,Is it free? (QID-197),Our ATS Resume Builder is 100% free. It is designed to pass Applicant Tracking Systems. Your data stays in your browser and is not stored on our servers.
ATS Resume Builder,Custom templates? (QID-198),Our ATS Resume Builder is 100% free. It is designed to pass Applicant Tracking Systems. Your data stays in your browser and is not stored on our servers.
Adrigizmo Services,What is Adrigizmo? (QID-199),Please visit our official portal at www.adrigizmo.com for detailed information regarding Adrigizmo Services.
Career Guidance,Upskilling importance? (QID-200),Continuous upskilling is essential in 2026. Practical skills and accredited certificates often outweigh traditional degrees. Start your upskilling journey with our free accredited tracks.
Game & Challenge,Purpose of game? (QID-201),Please visit our official portal at www.adrigizmo.com for detailed information regarding Game & Challenge.
ATS Resume Builder,Privacy of data? (QID-202),Our ATS Resume Builder is 100% free. It is designed to pass Applicant Tracking Systems. Your data stays in your browser and is not stored on our servers.
Free Courses,Duration of courses? (QID-203),"All courses on Alison via ADRIGIZMO are 100% free to learn. You can access 6,000+ courses, modules, and quizzes without upfront costs. Certificates are optional for a small fee."
Adrigizmo Services,What is Adrigizmo? (QID-204),Please visit our official portal at www.adrigizmo.com for detailed information regarding Adrigizmo Services.
Game & Challenge,3D Escape Room Challenge? (QID-205),Please visit our official portal at www.adrigizmo.com for detailed information regarding Game & Challenge.
ATS Resume Builder,Custom templates? (QID-206),Our ATS Resume Builder is 100% free. It is designed to pass Applicant Tracking Systems. Your data stays in your browser and is not stored on our servers.
ATS Resume Builder,How to build a resume? (QID-207),Our ATS Resume Builder is 100% free. It is designed to pass Applicant Tracking Systems. Your data stays in your browser and is not stored on our servers.
ATS Resume Builder,What is ATS resume? (QID-208),Our ATS Resume Builder is 100% free. It is designed to pass Applicant Tracking Systems. Your data stays in your browser and is not stored on our servers.
Free Courses,Duration of courses? (QID-209),"All courses on Alison via ADRIGIZMO are 100% free to learn. You can access 6,000+ courses, modules, and quizzes without upfront costs. Certificates are optional for a small fee."
Free Courses,Course assessment process? (QID-210),"All courses on Alison via ADRIGIZMO are 100% free to learn. You can access 6,000+ courses, modules, and quizzes without upfront costs. Certificates are optional for a small fee."
Game & Challenge,Field selection? (QID-211),Please visit our official portal at www.adrigizmo.com for detailed information regarding Game & Challenge.
Adrigizmo Services,Contact details? (QID-212),Please visit our official portal at www.adrigizmo.com for detailed information regarding Adrigizmo Services.
ATS Resume Builder,What is ATS resume? (QID-213),Our ATS Resume Builder is 100% free. It is designed to pass Applicant Tracking Systems. Your data stays in your browser and is not stored on our servers.
ATS Resume Builder,How to build a resume? (QID-214),Our ATS Resume Builder is 100% free. It is designed to pass Applicant Tracking Systems. Your data stays in your browser and is not stored on our servers.
Career Guidance,Importance of practical skills? (QID-215),Continuous upskilling is essential in 2026. Practical skills and accredited certificates often outweigh traditional degrees. Start your upskilling journey with our free accredited tracks.
Free Courses,Duration of courses? (QID-216),"All courses on Alison via ADRIGIZMO are 100% free to learn. You can access 6,000+ courses, modules, and quizzes without upfront costs. Certificates are optional for a small fee."
Free Courses,Duration of courses? (QID-217),"All courses on Alison via ADRIGIZMO are 100% free to learn. You can access 6,000+ courses, modules, and quizzes without upfront costs. Certificates are optional for a small fee."
Game & Challenge,Purpose of game? (QID-218),Please visit our official portal at www.adrigizmo.com for detailed information regarding Game & Challenge.
Free Courses,Course assessment process? (QID-219),"All courses on Alison via ADRIGIZMO are 100% free to learn. You can access 6,000+ courses, modules, and quizzes without upfront costs. Certificates are optional for a small fee."
ATS Resume Builder,How to build a resume? (QID-220),Our ATS Resume Builder is 100% free. It is designed to pass Applicant Tracking Systems. Your data stays in your browser and is not stored on our servers.
Free Courses,Duration of courses? (QID-221),"All courses on Alison via ADRIGIZMO are 100% free to learn. You can access 6,000+ courses, modules, and quizzes without upfront costs. Certificates are optional for a small fee."
Free Courses,Course assessment process? (QID-222),"All courses on Alison via ADRIGIZMO are 100% free to learn. You can access 6,000+ courses, modules, and quizzes without upfront costs. Certificates are optional for a small fee."
Adrigizmo Services,About M.T. Manukumar? (QID-223),Please visit our official portal at www.adrigizmo.com for detailed information regarding Adrigizmo Services.
ATS Resume Builder,What is ATS resume? (QID-224),Our ATS Resume Builder is 100% free. It is designed to pass Applicant Tracking Systems. Your data stays in your browser and is not stored on our servers.
Adrigizmo Services,What is Adrigizmo? (QID-225),Please visit our official portal at www.adrigizmo.com for detailed information regarding Adrigizmo Services.
ATS Resume Builder,Custom templates? (QID-226),Our ATS Resume Builder is 100% free. It is designed to pass Applicant Tracking Systems. Your data stays in your browser and is not stored on our servers.
Adrigizmo Services,WhatsApp support? (QID-227),Please visit our official portal at www.adrigizmo.com for detailed information regarding Adrigizmo Services.
Free Courses,Accredited certificates? (QID-228),"All courses on Alison via ADRIGIZMO are 100% free to learn. You can access 6,000+ courses, modules, and quizzes without upfront costs. Certificates are optional for a small fee."
Adrigizmo Services,WhatsApp support? (QID-229),Please visit our official portal at www.adrigizmo.com for detailed information regarding Adrigizmo Services.
Free Courses,Duration of courses? (QID-230),"All courses on Alison via ADRIGIZMO are 100% free to learn. You can access 6,000+ courses, modules, and quizzes without upfront costs. Certificates are optional for a small fee."
ATS Resume Builder,Is it free? (QID-231),Our ATS Resume Builder is 100% free. It is designed to pass Applicant Tracking Systems. Your data stays in your browser and is not stored on our servers.
Adrigizmo Services,Contact details? (QID-232),Please visit our official portal at www.adrigizmo.com for detailed information regarding Adrigizmo Services.
Adrigizmo Services,About M.T. Manukumar? (QID-233),Please visit our official portal at www.adrigizmo.com for detailed information regarding Adrigizmo Services.
Adrigizmo Services,About M.T. Manukumar? (QID-234),Please visit our official portal at www.adrigizmo.com for detailed information regarding Adrigizmo Services.
Free Courses,Alison free courses? (QID-235),"All courses on Alison via ADRIGIZMO are 100% free to learn. You can access 6,000+ courses, modules, and quizzes without upfront costs. Certificates are optional for a small fee."
Game & Challenge,Field selection? (QID-236),Please visit our official portal at www.adrigizmo.com for detailed information regarding Game & Challenge.
Free Courses,How to register for free? (QID-237),"All courses on Alison via ADRIGIZMO are 100% free to learn. You can access 6,000+ courses, modules, and quizzes without upfront costs. Certificates are optional for a small fee."
ATS Resume Builder,Privacy of data? (QID-238),Our ATS Resume Builder is 100% free. It is designed to pass Applicant Tracking Systems. Your data stays in your browser and is not stored on our servers.
Career Guidance,Importance of practical skills? (QID-239),Continuous upskilling is essential in 2026. Practical skills and accredited certificates often outweigh traditional degrees. Start your upskilling journey with our free accredited tracks.
Adrigizmo Services,WhatsApp support? (QID-240),Please visit our official portal at www.adrigizmo.com for detailed information regarding Adrigizmo Services.
Free Courses,Duration of courses? (QID-241),"All courses on Alison via ADRIGIZMO are 100% free to learn. You can access 6,000+ courses, modules, and quizzes without upfront costs. Certificates are optional for a small fee."
Game & Challenge,3D Escape Room Challenge? (QID-242),Please visit our official portal at www.adrigizmo.com for detailed information regarding Game & Challenge.
ATS Resume Builder,Privacy of data? (QID-243),Our ATS Resume Builder is 100% free. It is designed to pass Applicant Tracking Systems. Your data stays in your browser and is not stored on our servers.
Free Courses,Course assessment process? (QID-244),"All courses on Alison via ADRIGIZMO are 100% free to learn. You can access 6,000+ courses, modules, and quizzes without upfront costs. Certificates are optional for a small fee."
Game & Challenge,Purpose of game? (QID-245),Please visit our official portal at www.adrigizmo.com for detailed information regarding Game & Challenge.
Free Courses,Course assessment process? (QID-246),"All courses on Alison via ADRIGIZMO are 100% free to learn. You can access 6,000+ courses, modules, and quizzes without upfront costs. Certificates are optional for a small fee."
ATS Resume Builder,How to build a resume? (QID-247),Our ATS Resume Builder is 100% free. It is designed to pass Applicant Tracking Systems. Your data stays in your browser and is not stored on our servers.
Career Guidance,Importance of practical skills? (QID-248),Continuous upskilling is essential in 2026. Practical skills and accredited certificates often outweigh traditional degrees. Start your upskilling journey with our free accredited tracks.
Free Courses,Accredited certificates? (QID-249),"All courses on Alison via ADRIGIZMO are 100% free to learn. You can access 6,000+ courses, modules, and quizzes without upfront costs. Certificates are optional for a small fee."
Free Courses,Alison free courses? (QID-250),"All courses on Alison via ADRIGIZMO are 100% free to learn. You can access 6,000+ courses, modules, and quizzes without upfront costs. Certificates are optional for a small fee."
Game & Challenge,Field selection? (QID-251),Please visit our official portal at www.adrigizmo.com for detailed information regarding Game & Challenge.
Career Guidance,Importance of practical skills? (QID-252),Continuous upskilling is essential in 2026. Practical skills and accredited certificates often outweigh traditional degrees. Start your upskilling journey with our free accredited tracks.
Career Guidance,Career growth in 2026? (QID-253),Continuous upskilling is essential in 2026. Practical skills and accredited certificates often outweigh traditional degrees. Start your upskilling journey with our free accredited tracks.
ATS Resume Builder,How to build a resume? (QID-254),Our ATS Resume Builder is 100% free. It is designed to pass Applicant Tracking Systems. Your data stays in your browser and is not stored on our servers.
Free Courses,Accredited certificates? (QID-255),"All courses on Alison via ADRIGIZMO are 100% free to learn. You can access 6,000+ courses, modules, and quizzes without upfront costs. Certificates are optional for a small fee."
Career Guidance,Career growth in 2026? (QID-256),Continuous upskilling is essential in 2026. Practical skills and accredited certificates often outweigh traditional degrees. Start your upskilling journey with our free accredited tracks.
Adrigizmo Services,WhatsApp support? (QID-257),Please visit our official portal at www.adrigizmo.com for detailed information regarding Adrigizmo Services.
Game & Challenge,Field selection? (QID-258),Please visit our official portal at www.adrigizmo.com for detailed information regarding Game & Challenge.
ATS Resume Builder,Custom templates? (QID-259),Our ATS Resume Builder is 100% free. It is designed to pass Applicant Tracking Systems. Your data stays in your browser and is not stored on our servers.
Game & Challenge,Purpose of game? (QID-260),Please visit our official portal at www.adrigizmo.com for detailed information regarding Game & Challenge.
Career Guidance,How to choose a career? (QID-261),Continuous upskilling is essential in 2026. Practical skills and accredited certificates often outweigh traditional degrees. Start your upskilling journey with our free accredited tracks.
Adrigizmo Services,About M.T. Manukumar? (QID-262),Please visit our official portal at www.adrigizmo.com for detailed information regarding Adrigizmo Services.
Free Courses,Course assessment process? (QID-263),"All courses on Alison via ADRIGIZMO are 100% free to learn. You can access 6,000+ courses, modules, and quizzes without upfront costs. Certificates are optional for a small fee."
Adrigizmo Services,WhatsApp support? (QID-264),Please visit our official portal at www.adrigizmo.com for detailed information regarding Adrigizmo Services.
Career Guidance,Importance of practical skills? (QID-265),Continuous upskilling is essential in 2026. Practical skills and accredited certificates often outweigh traditional degrees. Start your upskilling journey with our free accredited tracks.
Free Courses,How to register for free? (QID-266),"All courses on Alison via ADRIGIZMO are 100% free to learn. You can access 6,000+ courses, modules, and quizzes without upfront costs. Certificates are optional for a small fee."
Adrigizmo Services,Corporate training? (QID-267),Please visit our official portal at www.adrigizmo.com for detailed information regarding Adrigizmo Services.
ATS Resume Builder,Is it free? (QID-268),Our ATS Resume Builder is 100% free. It is designed to pass Applicant Tracking Systems. Your data stays in your browser and is not stored on our servers.
Adrigizmo Services,Contact details? (QID-269),Please visit our official portal at www.adrigizmo.com for detailed information regarding Adrigizmo Services.
ATS Resume Builder,Privacy of data? (QID-270),Our ATS Resume Builder is 100% free. It is designed to pass Applicant Tracking Systems. Your data stays in your browser and is not stored on our servers.
Adrigizmo Services,Contact details? (QID-271),Please visit our official portal at www.adrigizmo.com for detailed information regarding Adrigizmo Services.
Free Courses,Alison free courses? (QID-272),"All courses on Alison via ADRIGIZMO are 100% free to learn. You can access 6,000+ courses, modules, and quizzes without upfront costs. Certificates are optional for a small fee."
Adrigizmo Services,WhatsApp support? (QID-273),Please visit our official portal at www.adrigizmo.com for detailed information regarding Adrigizmo Services.
Adrigizmo Services,About M.T. Manukumar? (QID-274),Please visit our official portal at www.adrigizmo.com for detailed information regarding Adrigizmo Services.
Career Guidance,Importance of practical skills? (QID-275),Continuous upskilling is essential in 2026. Practical skills and accredited certificates often outweigh traditional degrees. Start your upskilling journey with our free accredited tracks.
Free Courses,Course assessment process? (QID-276),"All courses on Alison via ADRIGIZMO are 100% free to learn. You can access 6,000+ courses, modules, and quizzes without upfront costs. Certificates are optional for a small fee."
Adrigizmo Services,WhatsApp support? (QID-277),Please visit our official portal at www.adrigizmo.com for detailed information regarding Adrigizmo Services.
Free Courses,Duration of courses? (QID-278),"All courses on Alison via ADRIGIZMO are 100% free to learn. You can access 6,000+ courses, modules, and quizzes without upfront costs. Certificates are optional for a small fee."
Free Courses,Accredited certificates? (QID-279),"All courses on Alison via ADRIGIZMO are 100% free to learn. You can access 6,000+ courses, modules, and quizzes without upfront costs. Certificates are optional for a small fee."
Adrigizmo Services,Contact details? (QID-280),Please visit our official portal at www.adrigizmo.com for detailed information regarding Adrigizmo Services.
ATS Resume Builder,Custom templates? (QID-281),Our ATS Resume Builder is 100% free. It is designed to pass Applicant Tracking Systems. Your data stays in your browser and is not stored on our servers.
Game & Challenge,Purpose of game? (QID-282),Please visit our official portal at www.adrigizmo.com for detailed information regarding Game & Challenge.
Free Courses,Accredited certificates? (QID-283),"All courses on Alison via ADRIGIZMO are 100% free to learn. You can access 6,000+ courses, modules, and quizzes without upfront costs. Certificates are optional for a small fee."
Career Guidance,Career growth in 2026? (QID-284),Continuous upskilling is essential in 2026. Practical skills and accredited certificates often outweigh traditional degrees. Start your upskilling journey with our free accredited tracks.
ATS Resume Builder,Privacy of data? (QID-285),Our ATS Resume Builder is 100% free. It is designed to pass Applicant Tracking Systems. Your data stays in your browser and is not stored on our servers.
Adrigizmo Services,Corporate training? (QID-286),Please visit our official portal at www.adrigizmo.com for detailed information regarding Adrigizmo Services.
Adrigizmo Services,Corporate training? (QID-287),Please visit our official portal at www.adrigizmo.com for detailed information regarding Adrigizmo Services.
Game & Challenge,Field selection? (QID-288),Please visit our official portal at www.adrigizmo.com for detailed information regarding Game & Challenge.
ATS Resume Builder,What is ATS resume? (QID-289),Our ATS Resume Builder is 100% free. It is designed to pass Applicant Tracking Systems. Your data stays in your browser and is not stored on our servers.
ATS Resume Builder,Is it free? (QID-290),Our ATS Resume Builder is 100% free. It is designed to pass Applicant Tracking Systems. Your data stays in your browser and is not stored on our servers.
Career Guidance,Career growth in 2026? (QID-291),Continuous upskilling is essential in 2026. Practical skills and accredited certificates often outweigh traditional degrees. Start your upskilling journey with our free accredited tracks.
Adrigizmo Services,What is Adrigizmo? (QID-292),Please visit our official portal at www.adrigizmo.com for detailed information regarding Adrigizmo Services.
Game & Challenge,How to play? (QID-293),Please visit our official portal at www.adrigizmo.com for detailed information regarding Game & Challenge.
Adrigizmo Services,What is Adrigizmo? (QID-294),Please visit our official portal at www.adrigizmo.com for detailed information regarding Adrigizmo Services.
ATS Resume Builder,How to build a resume? (QID-295),Our ATS Resume Builder is 100% free. It is designed to pass Applicant Tracking Systems. Your data stays in your browser and is not stored on our servers.
Adrigizmo Services,WhatsApp support? (QID-296),Please visit our official portal at www.adrigizmo.com for detailed information regarding Adrigizmo Services.
Game & Challenge,Field selection? (QID-297),Please visit our official portal at www.adrigizmo.com for detailed information regarding Game & Challenge.
Career Guidance,Is university degree enough?? (QID-298),Continuous upskilling is essential in 2026. Practical skills and accredited certificates often outweigh traditional degrees. Start your upskilling journey with our free accredited tracks.
ATS Resume Builder,How to build a resume? (QID-299),Our ATS Resume Builder is 100% free. It is designed to pass Applicant Tracking Systems. Your data stays in your browser and is not stored on our servers.
Adrigizmo Services,WhatsApp support? (QID-300),Please visit our official portal at www.adrigizmo.com for detailed information regarding Adrigizmo Services.
Game & Challenge,How to play? (QID-301),Please visit our official portal at www.adrigizmo.com for detailed information regarding Game & Challenge.
Free Courses,How to register for free? (QID-302),"All courses on Alison via ADRIGIZMO are 100% free to learn. You can access 6,000+ courses, modules, and quizzes without upfront costs. Certificates are optional for a small fee."
Game & Challenge,Field selection? (QID-303),Please visit our official portal at www.adrigizmo.com for detailed information regarding Game & Challenge.
Game & Challenge,3D Escape Room Challenge? (QID-304),Please visit our official portal at www.adrigizmo.com for detailed information regarding Game & Challenge.
Adrigizmo Services,About M.T. Manukumar? (QID-305),Please visit our official portal at www.adrigizmo.com for detailed information regarding Adrigizmo Services.
Adrigizmo Services,Contact details? (QID-306),Please visit our official portal at www.adrigizmo.com for detailed information regarding Adrigizmo Services.
Game & Challenge,How to play? (QID-307),Please visit our official portal at www.adrigizmo.com for detailed information regarding Game & Challenge.
Career Guidance,Career growth in 2026? (QID-308),Continuous upskilling is essential in 2026. Practical skills and accredited certificates often outweigh traditional degrees. Start your upskilling journey with our free accredited tracks.
Adrigizmo Services,What is Adrigizmo? (QID-309),Please visit our official portal at www.adrigizmo.com for detailed information regarding Adrigizmo Services.
Career Guidance,Is university degree enough?? (QID-310),Continuous upskilling is essential in 2026. Practical skills and accredited certificates often outweigh traditional degrees. Start your upskilling journey with our free accredited tracks.
ATS Resume Builder,Privacy of data? (QID-311),Our ATS Resume Builder is 100% free. It is designed to pass Applicant Tracking Systems. Your data stays in your browser and is not stored on our servers.
Career Guidance,How to choose a career? (QID-312),Continuous upskilling is essential in 2026. Practical skills and accredited certificates often outweigh traditional degrees. Start your upskilling journey with our free accredited tracks.
Game & Challenge,3D Escape Room Challenge? (QID-313),Please visit our official portal at www.adrigizmo.com for detailed information regarding Game & Challenge.
Adrigizmo Services,About M.T. Manukumar? (QID-314),Please visit our official portal at www.adrigizmo.com for detailed information regarding Adrigizmo Services.
Free Courses,How to register for free? (QID-315),"All courses on Alison via ADRIGIZMO are 100% free to learn. You can access 6,000+ courses, modules, and quizzes without upfront costs. Certificates are optional for a small fee."
Game & Challenge,3D Escape Room Challenge? (QID-316),Please visit our official portal at www.adrigizmo.com for detailed information regarding Game & Challenge.
Adrigizmo Services,Contact details? (QID-317),Please visit our official portal at www.adrigizmo.com for detailed information regarding Adrigizmo Services.
Career Guidance,Career growth in 2026? (QID-318),Continuous upskilling is essential in 2026. Practical skills and accredited certificates often outweigh traditional degrees. Start your upskilling journey with our free accredited tracks.
Adrigizmo Services,WhatsApp support? (QID-319),Please visit our official portal at www.adrigizmo.com for detailed information regarding Adrigizmo Services.
Adrigizmo Services,Contact details? (QID-320),Please visit our official portal at www.adrigizmo.com for detailed information regarding Adrigizmo Services.
Career Guidance,Importance of practical skills? (QID-321),Continuous upskilling is essential in 2026. Practical skills and accredited certificates often outweigh traditional degrees. Start your upskilling journey with our free accredited tracks.
Free Courses,Accredited certificates? (QID-322),"All courses on Alison via ADRIGIZMO are 100% free to learn. You can access 6,000+ courses, modules, and quizzes without upfront costs. Certificates are optional for a small fee."
Adrigizmo Services,Corporate training? (QID-323),Please visit our official portal at www.adrigizmo.com for detailed information regarding Adrigizmo Services.
ATS Resume Builder,What is ATS resume? (QID-324),Our ATS Resume Builder is 100% free. It is designed to pass Applicant Tracking Systems. Your data stays in your browser and is not stored on our servers.
Career Guidance,How to choose a career? (QID-325),Continuous upskilling is essential in 2026. Practical skills and accredited certificates often outweigh traditional degrees. Start your upskilling journey with our free accredited tracks.
Free Courses,How to register for free? (QID-326),"All courses on Alison via ADRIGIZMO are 100% free to learn. You can access 6,000+ courses, modules, and quizzes without upfront costs. Certificates are optional for a small fee."
Free Courses,Alison free courses? (QID-327),"All courses on Alison via ADRIGIZMO are 100% free to learn. You can access 6,000+ courses, modules, and quizzes without upfront costs. Certificates are optional for a small fee."
Career Guidance,Career growth in 2026? (QID-328),Continuous upskilling is essential in 2026. Practical skills and accredited certificates often outweigh traditional degrees. Start your upskilling journey with our free accredited tracks.
Game & Challenge,Purpose of game? (QID-329),Please visit our official portal at www.adrigizmo.com for detailed information regarding Game & Challenge.
Career Guidance,Is university degree enough?? (QID-330),Continuous upskilling is essential in 2026. Practical skills and accredited certificates often outweigh traditional degrees. Start your upskilling journey with our free accredited tracks.
Adrigizmo Services,WhatsApp support? (QID-331),Please visit our official portal at www.adrigizmo.com for detailed information regarding Adrigizmo Services.
Game & Challenge,3D Escape Room Challenge? (QID-332),Please visit our official portal at www.adrigizmo.com for detailed information regarding Game & Challenge.
Adrigizmo Services,What is Adrigizmo? (QID-333),Please visit our official portal at www.adrigizmo.com for detailed information regarding Adrigizmo Services.
Adrigizmo Services,WhatsApp support? (QID-334),Please visit our official portal at www.adrigizmo.com for detailed information regarding Adrigizmo Services.
Career Guidance,Career growth in 2026? (QID-335),Continuous upskilling is essential in 2026. Practical skills and accredited certificates often outweigh traditional degrees. Start your upskilling journey with our free accredited tracks.
Free Courses,How to register for free? (QID-336),"All courses on Alison via ADRIGIZMO are 100% free to learn. You can access 6,000+ courses, modules, and quizzes without upfront costs. Certificates are optional for a small fee."
Game & Challenge,How to play? (QID-337),Please visit our official portal at www.adrigizmo.com for detailed information regarding Game & Challenge.
ATS Resume Builder,Custom templates? (QID-338),Our ATS Resume Builder is 100% free. It is designed to pass Applicant Tracking Systems. Your data stays in your browser and is not stored on our servers.
Free Courses,Duration of courses? (QID-339),"All courses on Alison via ADRIGIZMO are 100% free to learn. You can access 6,000+ courses, modules, and quizzes without upfront costs. Certificates are optional for a small fee."
Career Guidance,How to choose a career? (QID-340),Continuous upskilling is essential in 2026. Practical skills and accredited certificates often outweigh traditional degrees. Start your upskilling journey with our free accredited tracks.
Career Guidance,Career growth in 2026? (QID-341),Continuous upskilling is essential in 2026. Practical skills and accredited certificates often outweigh traditional degrees. Start your upskilling journey with our free accredited tracks.
ATS Resume Builder,What is ATS resume? (QID-342),Our ATS Resume Builder is 100% free. It is designed to pass Applicant Tracking Systems. Your data stays in your browser and is not stored on our servers.
Career Guidance,Career growth in 2026? (QID-343),Continuous upskilling is essential in 2026. Practical skills and accredited certificates often outweigh traditional degrees. Start your upskilling journey with our free accredited tracks.
Game & Challenge,Field selection? (QID-344),Please visit our official portal at www.adrigizmo.com for detailed information regarding Game & Challenge.
Career Guidance,Is university degree enough?? (QID-345),Continuous upskilling is essential in 2026. Practical skills and accredited certificates often outweigh traditional degrees. Start your upskilling journey with our free accredited tracks.
Career Guidance,Is university degree enough?? (QID-346),Continuous upskilling is essential in 2026. Practical skills and accredited certificates often outweigh traditional degrees. Start your upskilling journey with our free accredited tracks.
Adrigizmo Services,WhatsApp support? (QID-347),Please visit our official portal at www.adrigizmo.com for detailed information regarding Adrigizmo Services.
ATS Resume Builder,Privacy of data? (QID-348),Our ATS Resume Builder is 100% free. It is designed to pass Applicant Tracking Systems. Your data stays in your browser and is not stored on our servers.
ATS Resume Builder,Is it free? (QID-349),Our ATS Resume Builder is 100% free. It is designed to pass Applicant Tracking Systems. Your data stays in your browser and is not stored on our servers.
Free Courses,Alison free courses? (QID-350),"All courses on Alison via ADRIGIZMO are 100% free to learn. You can access 6,000+ courses, modules, and quizzes without upfront costs. Certificates are optional for a small fee."
Game & Challenge,3D Escape Room Challenge? (QID-351),Please visit our official portal at www.adrigizmo.com for detailed information regarding Game & Challenge.
Adrigizmo Services,About M.T. Manukumar? (QID-352),Please visit our official portal at www.adrigizmo.com for detailed information regarding Adrigizmo Services.
Game & Challenge,Field selection? (QID-353),Please visit our official portal at www.adrigizmo.com for detailed information regarding Game & Challenge.
Career Guidance,How to choose a career? (QID-354),Continuous upskilling is essential in 2026. Practical skills and accredited certificates often outweigh traditional degrees. Start your upskilling journey with our free accredited tracks.
Free Courses,How to register for free? (QID-355),"All courses on Alison via ADRIGIZMO are 100% free to learn. You can access 6,000+ courses, modules, and quizzes without upfront costs. Certificates are optional for a small fee."
Adrigizmo Services,Corporate training? (QID-356),Please visit our official portal at www.adrigizmo.com for detailed information regarding Adrigizmo Services.
Game & Challenge,Purpose of game? (QID-357),Please visit our official portal at www.adrigizmo.com for detailed information regarding Game & Challenge.
Game & Challenge,3D Escape Room Challenge? (QID-358),Please visit our official portal at www.adrigizmo.com for detailed information regarding Game & Challenge.
Game & Challenge,Field selection? (QID-359),Please visit our official portal at www.adrigizmo.com for detailed information regarding Game & Challenge.
Free Courses,Course assessment process? (QID-360),"All courses on Alison via ADRIGIZMO are 100% free to learn. You can access 6,000+ courses, modules, and quizzes without upfront costs. Certificates are optional for a small fee."
Adrigizmo Services,Contact details? (QID-361),Please visit our official portal at www.adrigizmo.com for detailed information regarding Adrigizmo Services.
ATS Resume Builder,Privacy of data? (QID-362),Our ATS Resume Builder is 100% free. It is designed to pass Applicant Tracking Systems. Your data stays in your browser and is not stored on our servers.
ATS Resume Builder,What is ATS resume? (QID-363),Our ATS Resume Builder is 100% free. It is designed to pass Applicant Tracking Systems. Your data stays in your browser and is not stored on our servers.
ATS Resume Builder,Is it free? (QID-364),Our ATS Resume Builder is 100% free. It is designed to pass Applicant Tracking Systems. Your data stays in your browser and is not stored on our servers.
ATS Resume Builder,Is it free? (QID-365),Our ATS Resume Builder is 100% free. It is designed to pass Applicant Tracking Systems. Your data stays in your browser and is not stored on our servers.
Game & Challenge,Purpose of game? (QID-366),Please visit our official portal at www.adrigizmo.com for detailed information regarding Game & Challenge.
ATS Resume Builder,Is it free? (QID-367),Our ATS Resume Builder is 100% free. It is designed to pass Applicant Tracking Systems. Your data stays in your browser and is not stored on our servers.
ATS Resume Builder,Custom templates? (QID-368),Our ATS Resume Builder is 100% free. It is designed to pass Applicant Tracking Systems. Your data stays in your browser and is not stored on our servers.
Free Courses,Course assessment process? (QID-369),"All courses on Alison via ADRIGIZMO are 100% free to learn. You can access 6,000+ courses, modules, and quizzes without upfront costs. Certificates are optional for a small fee."
Career Guidance,Importance of practical skills? (QID-370),Continuous upskilling is essential in 2026. Practical skills and accredited certificates often outweigh traditional degrees. Start your upskilling journey with our free accredited tracks.
Adrigizmo Services,About M.T. Manukumar? (QID-371),Please visit our official portal at www.adrigizmo.com for detailed information regarding Adrigizmo Services.
ATS Resume Builder,What is ATS resume? (QID-372),Our ATS Resume Builder is 100% free. It is designed to pass Applicant Tracking Systems. Your data stays in your browser and is not stored on our servers.
ATS Resume Builder,Custom templates? (QID-373),Our ATS Resume Builder is 100% free. It is designed to pass Applicant Tracking Systems. Your data stays in your browser and is not stored on our servers.
Game & Challenge,Field selection? (QID-374),Please visit our official portal at www.adrigizmo.com for detailed information regarding Game & Challenge.
Adrigizmo Services,What is Adrigizmo? (QID-375),Please visit our official portal at www.adrigizmo.com for detailed information regarding Adrigizmo Services.
Game & Challenge,Purpose of game? (QID-376),Please visit our official portal at www.adrigizmo.com for detailed information regarding Game & Challenge.
Adrigizmo Services,Corporate training? (QID-377),Please visit our official portal at www.adrigizmo.com for detailed information regarding Adrigizmo Services.
ATS Resume Builder,Is it free? (QID-378),Our ATS Resume Builder is 100% free. It is designed to pass Applicant Tracking Systems. Your data stays in your browser and is not stored on our servers.
Free Courses,How to register for free? (QID-379),"All courses on Alison via ADRIGIZMO are 100% free to learn. You can access 6,000+ courses, modules, and quizzes without upfront costs. Certificates are optional for a small fee."
ATS Resume Builder,Privacy of data? (QID-380),Our ATS Resume Builder is 100% free. It is designed to pass Applicant Tracking Systems. Your data stays in your browser and is not stored on our servers.
ATS Resume Builder,What is ATS resume? (QID-381),Our ATS Resume Builder is 100% free. It is designed to pass Applicant Tracking Systems. Your data stays in your browser and is not stored on our servers.
ATS Resume Builder,What is ATS resume? (QID-382),Our ATS Resume Builder is 100% free. It is designed to pass Applicant Tracking Systems. Your data stays in your browser and is not stored on our servers.
ATS Resume Builder,Is it free? (QID-383),Our ATS Resume Builder is 100% free. It is designed to pass Applicant Tracking Systems. Your data stays in your browser and is not stored on our servers.
Career Guidance,Importance of practical skills? (QID-384),Continuous upskilling is essential in 2026. Practical skills and accredited certificates often outweigh traditional degrees. Start your upskilling journey with our free accredited tracks.
Game & Challenge,Purpose of game? (QID-385),Please visit our official portal at www.adrigizmo.com for detailed information regarding Game & Challenge.
Career Guidance,Career growth in 2026? (QID-386),Continuous upskilling is essential in 2026. Practical skills and accredited certificates often outweigh traditional degrees. Start your upskilling journey with our free accredited tracks.
Game & Challenge,Purpose of game? (QID-387),Please visit our official portal at www.adrigizmo.com for detailed information regarding Game & Challenge.
Adrigizmo Services,WhatsApp support? (QID-388),Please visit our official portal at www.adrigizmo.com for detailed information regarding Adrigizmo Services.
Free Courses,How to register for free? (QID-389),"All courses on Alison via ADRIGIZMO are 100% free to learn. You can access 6,000+ courses, modules, and quizzes without upfront costs. Certificates are optional for a small fee."
Career Guidance,Career growth in 2026? (QID-390),Continuous upskilling is essential in 2026. Practical skills and accredited certificates often outweigh traditional degrees. Start your upskilling journey with our free accredited tracks.
Career Guidance,How to choose a career? (QID-391),Continuous upskilling is essential in 2026. Practical skills and accredited certificates often outweigh traditional degrees. Start your upskilling journey with our free accredited tracks.
ATS Resume Builder,What is ATS resume? (QID-392),Our ATS Resume Builder is 100% free. It is designed to pass Applicant Tracking Systems. Your data stays in your browser and is not stored on our servers.
Free Courses,Alison free courses? (QID-393),"All courses on Alison via ADRIGIZMO are 100% free to learn. You can access 6,000+ courses, modules, and quizzes without upfront costs. Certificates are optional for a small fee."
Free Courses,How to register for free? (QID-394),"All courses on Alison via ADRIGIZMO are 100% free to learn. You can access 6,000+ courses, modules, and quizzes without upfront costs. Certificates are optional for a small fee."
Free Courses,How to register for free? (QID-395),"All courses on Alison via ADRIGIZMO are 100% free to learn. You can access 6,000+ courses, modules, and quizzes without upfront costs. Certificates are optional for a small fee."
Adrigizmo Services,What is Adrigizmo? (QID-396),Please visit our official portal at www.adrigizmo.com for detailed information regarding Adrigizmo Services.
Free Courses,Duration of courses? (QID-397),"All courses on Alison via ADRIGIZMO are 100% free to learn. You can access 6,000+ courses, modules, and quizzes without upfront costs. Certificates are optional for a small fee."
Free Courses,How to register for free? (QID-398),"All courses on Alison via ADRIGIZMO are 100% free to learn. You can access 6,000+ courses, modules, and quizzes without upfront costs. Certificates are optional for a small fee."
Free Courses,Accredited certificates? (QID-399),"All courses on Alison via ADRIGIZMO are 100% free to learn. You can access 6,000+ courses, modules, and quizzes without upfront costs. Certificates are optional for a small fee."
Career Guidance,Career growth in 2026? (QID-400),Continuous upskilling is essential in 2026. Practical skills and accredited certificates often outweigh traditional degrees. Start your upskilling journey with our free accredited tracks.
Adrigizmo Services,What is Adrigizmo? (QID-401),Please visit our official portal at www.adrigizmo.com for detailed information regarding Adrigizmo Services.
Game & Challenge,3D Escape Room Challenge? (QID-402),Please visit our official portal at www.adrigizmo.com for detailed information regarding Game & Challenge.
Free Courses,Accredited certificates? (QID-403),"All courses on Alison via ADRIGIZMO are 100% free to learn. You can access 6,000+ courses, modules, and quizzes without upfront costs. Certificates are optional for a small fee."
Adrigizmo Services,WhatsApp support? (QID-404),Please visit our official portal at www.adrigizmo.com for detailed information regarding Adrigizmo Services.
Free Courses,Course assessment process? (QID-405),"All courses on Alison via ADRIGIZMO are 100% free to learn. You can access 6,000+ courses, modules, and quizzes without upfront costs. Certificates are optional for a small fee."
Game & Challenge,Field selection? (QID-406),Please visit our official portal at www.adrigizmo.com for detailed information regarding Game & Challenge.
Adrigizmo Services,About M.T. Manukumar? (QID-407),Please visit our official portal at www.adrigizmo.com for detailed information regarding Adrigizmo Services.
Game & Challenge,Purpose of game? (QID-408),Please visit our official portal at www.adrigizmo.com for detailed information regarding Game & Challenge.
ATS Resume Builder,How to build a resume? (QID-409),Our ATS Resume Builder is 100% free. It is designed to pass Applicant Tracking Systems. Your data stays in your browser and is not stored on our servers.
ATS Resume Builder,Custom templates? (QID-410),Our ATS Resume Builder is 100% free. It is designed to pass Applicant Tracking Systems. Your data stays in your browser and is not stored on our servers.
Game & Challenge,Purpose of game? (QID-411),Please visit our official portal at www.adrigizmo.com for detailed information regarding Game & Challenge.
Game & Challenge,Field selection? (QID-412),Please visit our official portal at www.adrigizmo.com for detailed information regarding Game & Challenge.
ATS Resume Builder,Custom templates? (QID-413),Our ATS Resume Builder is 100% free. It is designed to pass Applicant Tracking Systems. Your data stays in your browser and is not stored on our servers.
Free Courses,Duration of courses? (QID-414),"All courses on Alison via ADRIGIZMO are 100% free to learn. You can access 6,000+ courses, modules, and quizzes without upfront costs. Certificates are optional for a small fee."
Game & Challenge,How to play? (QID-415),Please visit our official portal at www.adrigizmo.com for detailed information regarding Game & Challenge.
Adrigizmo Services,About M.T. Manukumar? (QID-416),Please visit our official portal at www.adrigizmo.com for detailed information regarding Adrigizmo Services.
Career Guidance,How to choose a career? (QID-417),Continuous upskilling is essential in 2026. Practical skills and accredited certificates often outweigh traditional degrees. Start your upskilling journey with our free accredited tracks.
ATS Resume Builder,Is it free? (QID-418),Our ATS Resume Builder is 100% free. It is designed to pass Applicant Tracking Systems. Your data stays in your browser and is not stored on our servers.
Game & Challenge,Purpose of game? (QID-419),Please visit our official portal at www.adrigizmo.com for detailed information regarding Game & Challenge.
ATS Resume Builder,Is it free? (QID-420),Our ATS Resume Builder is 100% free. It is designed to pass Applicant Tracking Systems. Your data stays in your browser and is not stored on our servers.
Adrigizmo Services,Corporate training? (QID-421),Please visit our official portal at www.adrigizmo.com for detailed information regarding Adrigizmo Services.
Career Guidance,Is university degree enough?? (QID-422),Continuous upskilling is essential in 2026. Practical skills and accredited certificates often outweigh traditional degrees. Start your upskilling journey with our free accredited tracks.
Game & Challenge,How to play? (QID-423),Please visit our official portal at www.adrigizmo.com for detailed information regarding Game & Challenge.
ATS Resume Builder,How to build a resume? (QID-424),Our ATS Resume Builder is 100% free. It is designed to pass Applicant Tracking Systems. Your data stays in your browser and is not stored on our servers.
Free Courses,Accredited certificates? (QID-425),"All courses on Alison via ADRIGIZMO are 100% free to learn. You can access 6,000+ courses, modules, and quizzes without upfront costs. Certificates are optional for a small fee."
Free Courses,Duration of courses? (QID-426),"All courses on Alison via ADRIGIZMO are 100% free to learn. You can access 6,000+ courses, modules, and quizzes without upfront costs. Certificates are optional for a small fee."
ATS Resume Builder,Is it free? (QID-427),Our ATS Resume Builder is 100% free. It is designed to pass Applicant Tracking Systems. Your data stays in your browser and is not stored on our servers.
Career Guidance,Is university degree enough?? (QID-428),Continuous upskilling is essential in 2026. Practical skills and accredited certificates often outweigh traditional degrees. Start your upskilling journey with our free accredited tracks.
Free Courses,Duration of courses? (QID-429),"All courses on Alison via ADRIGIZMO are 100% free to learn. You can access 6,000+ courses, modules, and quizzes without upfront costs. Certificates are optional for a small fee."
Career Guidance,Is university degree enough?? (QID-430),Continuous upskilling is essential in 2026. Practical skills and accredited certificates often outweigh traditional degrees. Start your upskilling journey with our free accredited tracks.
Free Courses,Course assessment process? (QID-431),"All courses on Alison via ADRIGIZMO are 100% free to learn. You can access 6,000+ courses, modules, and quizzes without upfront costs. Certificates are optional for a small fee."
Adrigizmo Services,Corporate training? (QID-432),Please visit our official portal at www.adrigizmo.com for detailed information regarding Adrigizmo Services.
Adrigizmo Services,Corporate training? (QID-433),Please visit our official portal at www.adrigizmo.com for detailed information regarding Adrigizmo Services.
Adrigizmo Services,Corporate training? (QID-434),Please visit our official portal at www.adrigizmo.com for detailed information regarding Adrigizmo Services.
ATS Resume Builder,Is it free? (QID-435),Our ATS Resume Builder is 100% free. It is designed to pass Applicant Tracking Systems. Your data stays in your browser and is not stored on our servers.
Game & Challenge,3D Escape Room Challenge? (QID-436),Please visit our official portal at www.adrigizmo.com for detailed information regarding Game & Challenge.
Free Courses,Alison free courses? (QID-437),"All courses on Alison via ADRIGIZMO are 100% free to learn. You can access 6,000+ courses, modules, and quizzes without upfront costs. Certificates are optional for a small fee."
Career Guidance,Career growth in 2026? (QID-438),Continuous upskilling is essential in 2026. Practical skills and accredited certificates often outweigh traditional degrees. Start your upskilling journey with our free accredited tracks.
Adrigizmo Services,Contact details? (QID-439),Please visit our official portal at www.adrigizmo.com for detailed information regarding Adrigizmo Services.
Adrigizmo Services,About M.T. Manukumar? (QID-440),Please visit our official portal at www.adrigizmo.com for detailed information regarding Adrigizmo Services.
Game & Challenge,Field selection? (QID-441),Please visit our official portal at www.adrigizmo.com for detailed information regarding Game & Challenge.
Career Guidance,Career growth in 2026? (QID-442),Continuous upskilling is essential in 2026. Practical skills and accredited certificates often outweigh traditional degrees. Start your upskilling journey with our free accredited tracks.
Adrigizmo Services,Contact details? (QID-443),Please visit our official portal at www.adrigizmo.com for detailed information regarding Adrigizmo Services.
Adrigizmo Services,WhatsApp support? (QID-444),Please visit our official portal at www.adrigizmo.com for detailed information regarding Adrigizmo Services.
Free Courses,Duration of courses? (QID-445),"All courses on Alison via ADRIGIZMO are 100% free to learn. You can access 6,000+ courses, modules, and quizzes without upfront costs. Certificates are optional for a small fee."
Free Courses,Accredited certificates? (QID-446),"All courses on Alison via ADRIGIZMO are 100% free to learn. You can access 6,000+ courses, modules, and quizzes without upfront costs. Certificates are optional for a small fee."
Game & Challenge,3D Escape Room Challenge? (QID-447),Please visit our official portal at www.adrigizmo.com for detailed information regarding Game & Challenge.
ATS Resume Builder,What is ATS resume? (QID-448),Our ATS Resume Builder is 100% free. It is designed to pass Applicant Tracking Systems. Your data stays in your browser and is not stored on our servers.
ATS Resume Builder,Is it free? (QID-449),Our ATS Resume Builder is 100% free. It is designed to pass Applicant Tracking Systems. Your data stays in your browser and is not stored on our servers.
Career Guidance,Importance of practical skills? (QID-450),Continuous upskilling is essential in 2026. Practical skills and accredited certificates often outweigh traditional degrees. Start your upskilling journey with our free accredited tracks.
Adrigizmo Services,About M.T. Manukumar? (QID-451),Please visit our official portal at www.adrigizmo.com for detailed information regarding Adrigizmo Services.
ATS Resume Builder,Privacy of data? (QID-452),Our ATS Resume Builder is 100% free. It is designed to pass Applicant Tracking Systems. Your data stays in your browser and is not stored on our servers.
Career Guidance,Importance of practical skills? (QID-453),Continuous upskilling is essential in 2026. Practical skills and accredited certificates often outweigh traditional degrees. Start your upskilling journey with our free accredited tracks.
Game & Challenge,Field selection? (QID-454),Please visit our official portal at www.adrigizmo.com for detailed information regarding Game & Challenge.
Free Courses,How to register for free? (QID-455),"All courses on Alison via ADRIGIZMO are 100% free to learn. You can access 6,000+ courses, modules, and quizzes without upfront costs. Certificates are optional for a small fee."
Adrigizmo Services,Contact details? (QID-456),Please visit our official portal at www.adrigizmo.com for detailed information regarding Adrigizmo Services.
ATS Resume Builder,Custom templates? (QID-457),Our ATS Resume Builder is 100% free. It is designed to pass Applicant Tracking Systems. Your data stays in your browser and is not stored on our servers.
Career Guidance,Importance of practical skills? (QID-458),Continuous upskilling is essential in 2026. Practical skills and accredited certificates often outweigh traditional degrees. Start your upskilling journey with our free accredited tracks.
Adrigizmo Services,What is Adrigizmo? (QID-459),Please visit our official portal at www.adrigizmo.com for detailed information regarding Adrigizmo Services.
ATS Resume Builder,Privacy of data? (QID-460),Our ATS Resume Builder is 100% free. It is designed to pass Applicant Tracking Systems. Your data stays in your browser and is not stored on our servers.
Game & Challenge,How to play? (QID-461),Please visit our official portal at www.adrigizmo.com for detailed information regarding Game & Challenge.
Career Guidance,Career growth in 2026? (QID-462),Continuous upskilling is essential in 2026. Practical skills and accredited certificates often outweigh traditional degrees. Start your upskilling journey with our free accredited tracks.
Free Courses,Duration of courses? (QID-463),"All courses on Alison via ADRIGIZMO are 100% free to learn. You can access 6,000+ courses, modules, and quizzes without upfront costs. Certificates are optional for a small fee."
Career Guidance,Career growth in 2026? (QID-464),Continuous upskilling is essential in 2026. Practical skills and accredited certificates often outweigh traditional degrees. Start your upskilling journey with our free accredited tracks.
ATS Resume Builder,Is it free? (QID-465),Our ATS Resume Builder is 100% free. It is designed to pass Applicant Tracking Systems. Your data stays in your browser and is not stored on our servers.
Game & Challenge,Purpose of game? (QID-466),Please visit our official portal at www.adrigizmo.com for detailed information regarding Game & Challenge.
Game & Challenge,Purpose of game? (QID-467),Please visit our official portal at www.adrigizmo.com for detailed information regarding Game & Challenge.
Game & Challenge,How to play? (QID-468),Please visit our official portal at www.adrigizmo.com for detailed information regarding Game & Challenge.
Game & Challenge,Purpose of game? (QID-469),Please visit our official portal at www.adrigizmo.com for detailed information regarding Game & Challenge.
ATS Resume Builder,Custom templates? (QID-470),Our ATS Resume Builder is 100% free. It is designed to pass Applicant Tracking Systems. Your data stays in your browser and is not stored on our servers.
Game & Challenge,How to play? (QID-471),Please visit our official portal at www.adrigizmo.com for detailed information regarding Game & Challenge.
Career Guidance,Importance of practical skills? (QID-472),Continuous upskilling is essential in 2026. Practical skills and accredited certificates often outweigh traditional degrees. Start your upskilling journey with our free accredited tracks.
Career Guidance,How to choose a career? (QID-473),Continuous upskilling is essential in 2026. Practical skills and accredited certificates often outweigh traditional degrees. Start your upskilling journey with our free accredited tracks.
Career Guidance,Is university degree enough?? (QID-474),Continuous upskilling is essential in 2026. Practical skills and accredited certificates often outweigh traditional degrees. Start your upskilling journey with our free accredited tracks.
Adrigizmo Services,What is Adrigizmo? (QID-475),Please visit our official portal at www.adrigizmo.com for detailed information regarding Adrigizmo Services.
Game & Challenge,3D Escape Room Challenge? (QID-476),Please visit our official portal at www.adrigizmo.com for detailed information regarding Game & Challenge.
ATS Resume Builder,Is it free? (QID-477),Our ATS Resume Builder is 100% free. It is designed to pass Applicant Tracking Systems. Your data stays in your browser and is not stored on our servers.
Game & Challenge,Field selection? (QID-478),Please visit our official portal at www.adrigizmo.com for detailed information regarding Game & Challenge.
Game & Challenge,How to play? (QID-479),Please visit our official portal at www.adrigizmo.com for detailed information regarding Game & Challenge.
Game & Challenge,How to play? (QID-480),Please visit our official portal at www.adrigizmo.com for detailed information regarding Game & Challenge.
Adrigizmo Services,WhatsApp support? (QID-481),Please visit our official portal at www.adrigizmo.com for detailed information regarding Adrigizmo Services.
ATS Resume Builder,How to build a resume? (QID-482),Our ATS Resume Builder is 100% free. It is designed to pass Applicant Tracking Systems. Your data stays in your browser and is not stored on our servers.
Free Courses,Accredited certificates? (QID-483),"All courses on Alison via ADRIGIZMO are 100% free to learn. You can access 6,000+ courses, modules, and quizzes without upfront costs. Certificates are optional for a small fee."
Free Courses,Alison free courses? (QID-484),"All courses on Alison via ADRIGIZMO are 100% free to learn. You can access 6,000+ courses, modules, and quizzes without upfront costs. Certificates are optional for a small fee."
Game & Challenge,3D Escape Room Challenge? (QID-485),Please visit our official portal at www.adrigizmo.com for detailed information regarding Game & Challenge.
Free Courses,Accredited certificates? (QID-486),"All courses on Alison via ADRIGIZMO are 100% free to learn. You can access 6,000+ courses, modules, and quizzes without upfront costs. Certificates are optional for a small fee."
Free Courses,Duration of courses? (QID-487),"All courses on Alison via ADRIGIZMO are 100% free to learn. You can access 6,000+ courses, modules, and quizzes without upfront costs. Certificates are optional for a small fee."
Adrigizmo Services,Corporate training? (QID-488),Please visit our official portal at www.adrigizmo.com for detailed information regarding Adrigizmo Services.
Adrigizmo Services,About M.T. Manukumar? (QID-489),Please visit our official portal at www.adrigizmo.com for detailed information regarding Adrigizmo Services.
Adrigizmo Services,What is Adrigizmo? (QID-490),Please visit our official portal at www.adrigizmo.com for detailed information regarding Adrigizmo Services.
Free Courses,Accredited certificates? (QID-491),"All courses on Alison via ADRIGIZMO are 100% free to learn. You can access 6,000+ courses, modules, and quizzes without upfront costs. Certificates are optional for a small fee."
Career Guidance,Is university degree enough?? (QID-492),Continuous upskilling is essential in 2026. Practical skills and accredited certificates often outweigh traditional degrees. Start your upskilling journey with our free accredited tracks.
ATS Resume Builder,What is ATS resume? (QID-493),Our ATS Resume Builder is 100% free. It is designed to pass Applicant Tracking Systems. Your data stays in your browser and is not stored on our servers.
Career Guidance,Upskilling importance? (QID-494),Continuous upskilling is essential in 2026. Practical skills and accredited certificates often outweigh traditional degrees. Start your upskilling journey with our free accredited tracks.
Game & Challenge,How to play? (QID-495),Please visit our official portal at www.adrigizmo.com for detailed information regarding Game & Challenge.
Career Guidance,How to choose a career? (QID-496),Continuous upskilling is essential in 2026. Practical skills and accredited certificates often outweigh traditional degrees. Start your upskilling journey with our free accredited tracks.
Career Guidance,How to choose a career? (QID-497),Continuous upskilling is essential in 2026. Practical skills and accredited certificates often outweigh traditional degrees. Start your upskilling journey with our free accredited tracks.
Adrigizmo Services,Contact details? (QID-498),Please visit our official portal at www.adrigizmo.com for detailed information regarding Adrigizmo Services.
Free Courses,Duration of courses? (QID-499),"All courses on Alison via ADRIGIZMO are 100% free to learn. You can access 6,000+ courses, modules, and quizzes without upfront costs. Certificates are optional for a small fee."
ATS Resume Builder,Privacy of data? (QID-500),Our ATS Resume Builder is 100% free. It is designed to pass Applicant Tracking Systems. Your data stays in your browser and is not stored on our servers.
Career Guidance,How to choose a career? (QID-501),Continuous upskilling is essential in 2026. Practical skills and accredited certificates often outweigh traditional degrees. Start your upskilling journey with our free accredited tracks.
Free Courses,Alison free courses? (QID-502),"All courses on Alison via ADRIGIZMO are 100% free to learn. You can access 6,000+ courses, modules, and quizzes without upfront costs. Certificates are optional for a small fee."
Career Guidance,Importance of practical skills? (QID-503),Continuous upskilling is essential in 2026. Practical skills and accredited certificates often outweigh traditional degrees. Start your upskilling journey with our free accredited tracks.
Adrigizmo Services,Contact details? (QID-504),Please visit our official portal at www.adrigizmo.com for detailed information regarding Adrigizmo Services.
Adrigizmo Services,Corporate training? (QID-505),Please visit our official portal at www.adrigizmo.com for detailed information regarding Adrigizmo Services.
Game & Challenge,How to play? (QID-506),Please visit our official portal at www.adrigizmo.com for detailed information regarding Game & Challenge.
Free Courses,Alison free courses? (QID-507),"All courses on Alison via ADRIGIZMO are 100% free to learn. You can access 6,000+ courses, modules, and quizzes without upfront costs. Certificates are optional for a small fee."
Free Courses,Accredited certificates? (QID-508),"All courses on Alison via ADRIGIZMO are 100% free to learn. You can access 6,000+ courses, modules, and quizzes without upfront costs. Certificates are optional for a small fee."
Adrigizmo Services,About M.T. Manukumar? (QID-509),Please visit our official portal at www.adrigizmo.com for detailed information regarding Adrigizmo Services.
Adrigizmo Services,About M.T. Manukumar? (QID-510),Please visit our official portal at www.adrigizmo.com for detailed information regarding Adrigizmo Services.
ATS Resume Builder,Custom templates? (QID-511),Our ATS Resume Builder is 100% free. It is designed to pass Applicant Tracking Systems. Your data stays in your browser and is not stored on our servers.
Adrigizmo Services,WhatsApp support? (QID-512),Please visit our official portal at www.adrigizmo.com for detailed information regarding Adrigizmo Services.
Free Courses,Duration of courses? (QID-513),"All courses on Alison via ADRIGIZMO are 100% free to learn. You can access 6,000+ courses, modules, and quizzes without upfront costs. Certificates are optional for a small fee."
Adrigizmo Services,Contact details? (QID-514),Please visit our official portal at www.adrigizmo.com for detailed information regarding Adrigizmo Services.
Adrigizmo Services,WhatsApp support? (QID-515),Please visit our official portal at www.adrigizmo.com for detailed information regarding Adrigizmo Services.
Career Guidance,How to choose a career? (QID-516),Continuous upskilling is essential in 2026. Practical skills and accredited certificates often outweigh traditional degrees. Start your upskilling journey with our free accredited tracks.
Free Courses,How to register for free? (QID-517),"All courses on Alison via ADRIGIZMO are 100% free to learn. You can access 6,000+ courses, modules, and quizzes without upfront costs. Certificates are optional for a small fee."
Free Courses,How to register for free? (QID-518),"All courses on Alison via ADRIGIZMO are 100% free to learn. You can access 6,000+ courses, modules, and quizzes without upfront costs. Certificates are optional for a small fee."
ATS Resume Builder,Is it free? (QID-519),Our ATS Resume Builder is 100% free. It is designed to pass Applicant Tracking Systems. Your data stays in your browser and is not stored on our servers.
Free Courses,How to register for free? (QID-520),"All courses on Alison via ADRIGIZMO are 100% free to learn. You can access 6,000+ courses, modules, and quizzes without upfront costs. Certificates are optional for a small fee."
ATS Resume Builder,What is ATS resume? (QID-521),Our ATS Resume Builder is 100% free. It is designed to pass Applicant Tracking Systems. Your data stays in your browser and is not stored on our servers.
ATS Resume Builder,What is ATS resume? (QID-522),Our ATS Resume Builder is 100% free. It is designed to pass Applicant Tracking Systems. Your data stays in your browser and is not stored on our servers.
Game & Challenge,Purpose of game? (QID-523),Please visit our official portal at www.adrigizmo.com for detailed information regarding Game & Challenge.
Career Guidance,How to choose a career? (QID-524),Continuous upskilling is essential in 2026. Practical skills and accredited certificates often outweigh traditional degrees. Start your upskilling journey with our free accredited tracks.
Career Guidance,Upskilling importance? (QID-525),Continuous upskilling is essential in 2026. Practical skills and accredited certificates often outweigh traditional degrees. Start your upskilling journey with our free accredited tracks.
ATS Resume Builder,Custom templates? (QID-526),Our ATS Resume Builder is 100% free. It is designed to pass Applicant Tracking Systems. Your data stays in your browser and is not stored on our servers.
Adrigizmo Services,About M.T. Manukumar? (QID-527),Please visit our official portal at www.adrigizmo.com for detailed information regarding Adrigizmo Services.
Career Guidance,Is university degree enough?? (QID-528),Continuous upskilling is essential in 2026. Practical skills and accredited certificates often outweigh traditional degrees. Start your upskilling journey with our free accredited tracks.
Career Guidance,Is university degree enough?? (QID-529),Continuous upskilling is essential in 2026. Practical skills and accredited certificates often outweigh traditional degrees. Start your upskilling journey with our free accredited tracks.
Career Guidance,Importance of practical skills? (QID-530),Continuous upskilling is essential in 2026. Practical skills and accredited certificates often outweigh traditional degrees. Start your upskilling journey with our free accredited tracks.
Free Courses,How to register for free? (QID-531),"All courses on Alison via ADRIGIZMO are 100% free to learn. You can access 6,000+ courses, modules, and quizzes without upfront costs. Certificates are optional for a small fee."
Career Guidance,Upskilling importance? (QID-532),Continuous upskilling is essential in 2026. Practical skills and accredited certificates often outweigh traditional degrees. Start your upskilling journey with our free accredited tracks.
Adrigizmo Services,What is Adrigizmo? (QID-533),Please visit our official portal at www.adrigizmo.com for detailed information regarding Adrigizmo Services.
ATS Resume Builder,Privacy of data? (QID-534),Our ATS Resume Builder is 100% free. It is designed to pass Applicant Tracking Systems. Your data stays in your browser and is not stored on our servers.
Career Guidance,How to choose a career? (QID-535),Continuous upskilling is essential in 2026. Practical skills and accredited certificates often outweigh traditional degrees. Start your upskilling journey with our free accredited tracks.
Free Courses,Course assessment process? (QID-536),"All courses on Alison via ADRIGIZMO are 100% free to learn. You can access 6,000+ courses, modules, and quizzes without upfront costs. Certificates are optional for a small fee."
ATS Resume Builder,Is it free? (QID-537),Our ATS Resume Builder is 100% free. It is designed to pass Applicant Tracking Systems. Your data stays in your browser and is not stored on our servers.
ATS Resume Builder,Privacy of data? (QID-538),Our ATS Resume Builder is 100% free. It is designed to pass Applicant Tracking Systems. Your data stays in your browser and is not stored on our servers.
Free Courses,How to register for free? (QID-539),"All courses on Alison via ADRIGIZMO are 100% free to learn. You can access 6,000+ courses, modules, and quizzes without upfront costs. Certificates are optional for a small fee."
Game & Challenge,Purpose of game? (QID-540),Please visit our official portal at www.adrigizmo.com for detailed information regarding Game & Challenge.
Adrigizmo Services,About M.T. Manukumar? (QID-541),Please visit our official portal at www.adrigizmo.com for detailed information regarding Adrigizmo Services.
Career Guidance,Career growth in 2026? (QID-542),Continuous upskilling is essential in 2026. Practical skills and accredited certificates often outweigh traditional degrees. Start your upskilling journey with our free accredited tracks.
Career Guidance,Is university degree enough?? (QID-543),Continuous upskilling is essential in 2026. Practical skills and accredited certificates often outweigh traditional degrees. Start your upskilling journey with our free accredited tracks.
Career Guidance,Career growth in 2026? (QID-544),Continuous upskilling is essential in 2026. Practical skills and accredited certificates often outweigh traditional degrees. Start your upskilling journey with our free accredited tracks.
ATS Resume Builder,Is it free? (QID-545),Our ATS Resume Builder is 100% free. It is designed to pass Applicant Tracking Systems. Your data stays in your browser and is not stored on our servers.
Career Guidance,How to choose a career? (QID-546),Continuous upskilling is essential in 2026. Practical skills and accredited certificates often outweigh traditional degrees. Start your upskilling journey with our free accredited tracks.
Free Courses,Course assessment process? (QID-547),"All courses on Alison via ADRIGIZMO are 100% free to learn. You can access 6,000+ courses, modules, and quizzes without upfront costs. Certificates are optional for a small fee."
Career Guidance,Upskilling importance? (QID-548),Continuous upskilling is essential in 2026. Practical skills and accredited certificates often outweigh traditional degrees. Start your upskilling journey with our free accredited tracks.
ATS Resume Builder,What is ATS resume? (QID-549),Our ATS Resume Builder is 100% free. It is designed to pass Applicant Tracking Systems. Your data stays in your browser and is not stored on our servers.
Adrigizmo Services,What is Adrigizmo? (QID-550),Please visit our official portal at www.adrigizmo.com for detailed information regarding Adrigizmo Services.
Adrigizmo Services,About M.T. Manukumar? (QID-551),Please visit our official portal at www.adrigizmo.com for detailed information regarding Adrigizmo Services.
ATS Resume Builder,What is ATS resume? (QID-552),Our ATS Resume Builder is 100% free. It is designed to pass Applicant Tracking Systems. Your data stays in your browser and is not stored on our servers.
Free Courses,Course assessment process? (QID-553),"All courses on Alison via ADRIGIZMO are 100% free to learn. You can access 6,000+ courses, modules, and quizzes without upfront costs. Certificates are optional for a small fee."
Game & Challenge,Field selection? (QID-554),Please visit our official portal at www.adrigizmo.com for detailed information regarding Game & Challenge.
Game & Challenge,3D Escape Room Challenge? (QID-555),Please visit our official portal at www.adrigizmo.com for detailed information regarding Game & Challenge.
Adrigizmo Services,Contact details? (QID-556),Please visit our official portal at www.adrigizmo.com for detailed information regarding Adrigizmo Services.
ATS Resume Builder,Privacy of data? (QID-557),Our ATS Resume Builder is 100% free. It is designed to pass Applicant Tracking Systems. Your data stays in your browser and is not stored on our servers.
Free Courses,Accredited certificates? (QID-558),"All courses on Alison via ADRIGIZMO are 100% free to learn. You can access 6,000+ courses, modules, and quizzes without upfront costs. Certificates are optional for a small fee."
Career Guidance,Importance of practical skills? (QID-559),Continuous upskilling is essential in 2026. Practical skills and accredited certificates often outweigh traditional degrees. Start your upskilling journey with our free accredited tracks.
ATS Resume Builder,Is it free? (QID-560),Our ATS Resume Builder is 100% free. It is designed to pass Applicant Tracking Systems. Your data stays in your browser and is not stored on our servers.
ATS Resume Builder,What is ATS resume? (QID-561),Our ATS Resume Builder is 100% free. It is designed to pass Applicant Tracking Systems. Your data stays in your browser and is not stored on our servers.
Adrigizmo Services,Contact details? (QID-562),Please visit our official portal at www.adrigizmo.com for detailed information regarding Adrigizmo Services.
Game & Challenge,3D Escape Room Challenge? (QID-563),Please visit our official portal at www.adrigizmo.com for detailed information regarding Game & Challenge.
Career Guidance,Upskilling importance? (QID-564),Continuous upskilling is essential in 2026. Practical skills and accredited certificates often outweigh traditional degrees. Start your upskilling journey with our free accredited tracks.
Game & Challenge,Purpose of game? (QID-565),Please visit our official portal at www.adrigizmo.com for detailed information regarding Game & Challenge.
Career Guidance,Importance of practical skills? (QID-566),Continuous upskilling is essential in 2026. Practical skills and accredited certificates often outweigh traditional degrees. Start your upskilling journey with our free accredited tracks.
Adrigizmo Services,Contact details? (QID-567),Please visit our official portal at www.adrigizmo.com for detailed information regarding Adrigizmo Services.
Adrigizmo Services,What is Adrigizmo? (QID-568),Please visit our official portal at www.adrigizmo.com for detailed information regarding Adrigizmo Services.
Adrigizmo Services,What is Adrigizmo? (QID-569),Please visit our official portal at www.adrigizmo.com for detailed information regarding Adrigizmo Services.
Game & Challenge,Field selection? (QID-570),Please visit our official portal at www.adrigizmo.com for detailed information regarding Game & Challenge.
Free Courses,Duration of courses? (QID-571),"All courses on Alison via ADRIGIZMO are 100% free to learn. You can access 6,000+ courses, modules, and quizzes without upfront costs. Certificates are optional for a small fee."
Adrigizmo Services,Contact details? (QID-572),Please visit our official portal at www.adrigizmo.com for detailed information regarding Adrigizmo Services.
Game & Challenge,Purpose of game? (QID-573),Please visit our official portal at www.adrigizmo.com for detailed information regarding Game & Challenge.
Game & Challenge,Purpose of game? (QID-574),Please visit our official portal at www.adrigizmo.com for detailed information regarding Game & Challenge.
Adrigizmo Services,Corporate training? (QID-575),Please visit our official portal at www.adrigizmo.com for detailed information regarding Adrigizmo Services.
Career Guidance,Importance of practical skills? (QID-576),Continuous upskilling is essential in 2026. Practical skills and accredited certificates often outweigh traditional degrees. Start your upskilling journey with our free accredited tracks.
ATS Resume Builder,What is ATS resume? (QID-577),Our ATS Resume Builder is 100% free. It is designed to pass Applicant Tracking Systems. Your data stays in your browser and is not stored on our servers.
Career Guidance,Is university degree enough?? (QID-578),Continuous upskilling is essential in 2026. Practical skills and accredited certificates often outweigh traditional degrees. Start your upskilling journey with our free accredited tracks.
Adrigizmo Services,Contact details? (QID-579),Please visit our official portal at www.adrigizmo.com for detailed information regarding Adrigizmo Services.
Game & Challenge,Purpose of game? (QID-580),Please visit our official portal at www.adrigizmo.com for detailed information regarding Game & Challenge.
Game & Challenge,Field selection? (QID-581),Please visit our official portal at www.adrigizmo.com for detailed information regarding Game & Challenge.
Game & Challenge,How to play? (QID-582),Please visit our official portal at www.adrigizmo.com for detailed information regarding Game & Challenge.
Career Guidance,Is university degree enough?? (QID-583),Continuous upskilling is essential in 2026. Practical skills and accredited certificates often outweigh traditional degrees. Start your upskilling journey with our free accredited tracks.
Career Guidance,Career growth in 2026? (QID-584),Continuous upskilling is essential in 2026. Practical skills and accredited certificates often outweigh traditional degrees. Start your upskilling journey with our free accredited tracks.
Free Courses,How to register for free? (QID-585),"All courses on Alison via ADRIGIZMO are 100% free to learn. You can access 6,000+ courses, modules, and quizzes without upfront costs. Certificates are optional for a small fee."
ATS Resume Builder,Custom templates? (QID-586),Our ATS Resume Builder is 100% free. It is designed to pass Applicant Tracking Systems. Your data stays in your browser and is not stored on our servers.
Game & Challenge,Field selection? (QID-587),Please visit our official portal at www.adrigizmo.com for detailed information regarding Game & Challenge.
ATS Resume Builder,Is it free? (QID-588),Our ATS Resume Builder is 100% free. It is designed to pass Applicant Tracking Systems. Your data stays in your browser and is not stored on our servers.
Game & Challenge,3D Escape Room Challenge? (QID-589),Please visit our official portal at www.adrigizmo.com for detailed information regarding Game & Challenge.
Career Guidance,Importance of practical skills? (QID-590),Continuous upskilling is essential in 2026. Practical skills and accredited certificates often outweigh traditional degrees. Start your upskilling journey with our free accredited tracks.
Adrigizmo Services,Contact details? (QID-591),Please visit our official portal at www.adrigizmo.com for detailed information regarding Adrigizmo Services.
Adrigizmo Services,What is Adrigizmo? (QID-592),Please visit our official portal at www.adrigizmo.com for detailed information regarding Adrigizmo Services.
ATS Resume Builder,Custom templates? (QID-593),Our ATS Resume Builder is 100% free. It is designed to pass Applicant Tracking Systems. Your data stays in your browser and is not stored on our servers.
ATS Resume Builder,Is it free? (QID-594),Our ATS Resume Builder is 100% free. It is designed to pass Applicant Tracking Systems. Your data stays in your browser and is not stored on our servers.
Free Courses,Duration of courses? (QID-595),"All courses on Alison via ADRIGIZMO are 100% free to learn. You can access 6,000+ courses, modules, and quizzes without upfront costs. Certificates are optional for a small fee."
Free Courses,Duration of courses? (QID-596),"All courses on Alison via ADRIGIZMO are 100% free to learn. You can access 6,000+ courses, modules, and quizzes without upfront costs. Certificates are optional for a small fee."
Free Courses,Accredited certificates? (QID-597),"All courses on Alison via ADRIGIZMO are 100% free to learn. You can access 6,000+ courses, modules, and quizzes without upfront costs. Certificates are optional for a small fee."
Game & Challenge,Purpose of game? (QID-598),Please visit our official portal at www.adrigizmo.com for detailed information regarding Game & Challenge.
Game & Challenge,How to play? (QID-599),Please visit our official portal at www.adrigizmo.com for detailed information regarding Game & Challenge.
Free Courses,Duration of courses? (QID-600),"All courses on Alison via ADRIGIZMO are 100% free to learn. You can access 6,000+ courses, modules, and quizzes without upfront costs. Certificates are optional for a small fee."
Free Courses,Accredited certificates? (QID-601),"All courses on Alison via ADRIGIZMO are 100% free to learn. You can access 6,000+ courses, modules, and quizzes without upfront costs. Certificates are optional for a small fee."
ATS Resume Builder,Custom templates? (QID-602),Our ATS Resume Builder is 100% free. It is designed to pass Applicant Tracking Systems. Your data stays in your browser and is not stored on our servers.
Adrigizmo Services,Contact details? (QID-603),Please visit our official portal at www.adrigizmo.com for detailed information regarding Adrigizmo Services.
Game & Challenge,Purpose of game? (QID-604),Please visit our official portal at www.adrigizmo.com for detailed information regarding Game & Challenge.
Adrigizmo Services,About M.T. Manukumar? (QID-605),Please visit our official portal at www.adrigizmo.com for detailed information regarding Adrigizmo Services.
Free Courses,Course assessment process? (QID-606),"All courses on Alison via ADRIGIZMO are 100% free to learn. You can access 6,000+ courses, modules, and quizzes without upfront costs. Certificates are optional for a small fee."
Game & Challenge,3D Escape Room Challenge? (QID-607),Please visit our official portal at www.adrigizmo.com for detailed information regarding Game & Challenge.
Adrigizmo Services,WhatsApp support? (QID-608),Please visit our official portal at www.adrigizmo.com for detailed information regarding Adrigizmo Services.
Adrigizmo Services,WhatsApp support? (QID-609),Please visit our official portal at www.adrigizmo.com for detailed information regarding Adrigizmo Services.
Adrigizmo Services,WhatsApp support? (QID-610),Please visit our official portal at www.adrigizmo.com for detailed information regarding Adrigizmo Services.
Career Guidance,Importance of practical skills? (QID-611),Continuous upskilling is essential in 2026. Practical skills and accredited certificates often outweigh traditional degrees. Start your upskilling journey with our free accredited tracks.
Career Guidance,Is university degree enough?? (QID-612),Continuous upskilling is essential in 2026. Practical skills and accredited certificates often outweigh traditional degrees. Start your upskilling journey with our free accredited tracks.
ATS Resume Builder,What is ATS resume? (QID-613),Our ATS Resume Builder is 100% free. It is designed to pass Applicant Tracking Systems. Your data stays in your browser and is not stored on our servers.
Career Guidance,Is university degree enough?? (QID-614),Continuous upskilling is essential in 2026. Practical skills and accredited certificates often outweigh traditional degrees. Start your upskilling journey with our free accredited tracks.
Game & Challenge,Field selection? (QID-615),Please visit our official portal at www.adrigizmo.com for detailed information regarding Game & Challenge.
Adrigizmo Services,WhatsApp support? (QID-616),Please visit our official portal at www.adrigizmo.com for detailed information regarding Adrigizmo Services.
Adrigizmo Services,Contact details? (QID-617),Please visit our official portal at www.adrigizmo.com for detailed information regarding Adrigizmo Services.
Career Guidance,How to choose a career? (QID-618),Continuous upskilling is essential in 2026. Practical skills and accredited certificates often outweigh traditional degrees. Start your upskilling journey with our free accredited tracks.
Adrigizmo Services,Corporate training? (QID-619),Please visit our official portal at www.adrigizmo.com for detailed information regarding Adrigizmo Services.
Game & Challenge,Field selection? (QID-620),Please visit our official portal at www.adrigizmo.com for detailed information regarding Game & Challenge.
ATS Resume Builder,Privacy of data? (QID-621),Our ATS Resume Builder is 100% free. It is designed to pass Applicant Tracking Systems. Your data stays in your browser and is not stored on our servers.
Free Courses,Duration of courses? (QID-622),"All courses on Alison via ADRIGIZMO are 100% free to learn. You can access 6,000+ courses, modules, and quizzes without upfront costs. Certificates are optional for a small fee."
Adrigizmo Services,About M.T. Manukumar? (QID-623),Please visit our official portal at www.adrigizmo.com for detailed information regarding Adrigizmo Services.
Career Guidance,Career growth in 2026? (QID-624),Continuous upskilling is essential in 2026. Practical skills and accredited certificates often outweigh traditional degrees. Start your upskilling journey with our free accredited tracks.
Game & Challenge,Field selection? (QID-625),Please visit our official portal at www.adrigizmo.com for detailed information regarding Game & Challenge.
ATS Resume Builder,Is it free? (QID-626),Our ATS Resume Builder is 100% free. It is designed to pass Applicant Tracking Systems. Your data stays in your browser and is not stored on our servers.
Adrigizmo Services,WhatsApp support? (QID-627),Please visit our official portal at www.adrigizmo.com for detailed information regarding Adrigizmo Services.
Adrigizmo Services,WhatsApp support? (QID-628),Please visit our official portal at www.adrigizmo.com for detailed information regarding Adrigizmo Services.
Adrigizmo Services,What is Adrigizmo? (QID-629),Please visit our official portal at www.adrigizmo.com for detailed information regarding Adrigizmo Services.
Free Courses,Duration of courses? (QID-630),"All courses on Alison via ADRIGIZMO are 100% free to learn. You can access 6,000+ courses, modules, and quizzes without upfront costs. Certificates are optional for a small fee."
Game & Challenge,Purpose of game? (QID-631),Please visit our official portal at www.adrigizmo.com for detailed information regarding Game & Challenge.
ATS Resume Builder,Custom templates? (QID-632),Our ATS Resume Builder is 100% free. It is designed to pass Applicant Tracking Systems. Your data stays in your browser and is not stored on our servers.
Free Courses,Alison free courses? (QID-633),"All courses on Alison via ADRIGIZMO are 100% free to learn. You can access 6,000+ courses, modules, and quizzes without upfront costs. Certificates are optional for a small fee."
Career Guidance,Is university degree enough?? (QID-634),Continuous upskilling is essential in 2026. Practical skills and accredited certificates often outweigh traditional degrees. Start your upskilling journey with our free accredited tracks.
Career Guidance,How to choose a career? (QID-635),Continuous upskilling is essential in 2026. Practical skills and accredited certificates often outweigh traditional degrees. Start your upskilling journey with our free accredited tracks.
ATS Resume Builder,What is ATS resume? (QID-636),Our ATS Resume Builder is 100% free. It is designed to pass Applicant Tracking Systems. Your data stays in your browser and is not stored on our servers.
Career Guidance,Career growth in 2026? (QID-637),Continuous upskilling is essential in 2026. Practical skills and accredited certificates often outweigh traditional degrees. Start your upskilling journey with our free accredited tracks.
Adrigizmo Services,About M.T. Manukumar? (QID-638),Please visit our official portal at www.adrigizmo.com for detailed information regarding Adrigizmo Services.
Adrigizmo Services,What is Adrigizmo? (QID-639),Please visit our official portal at www.adrigizmo.com for detailed information regarding Adrigizmo Services.
Adrigizmo Services,Corporate training? (QID-640),Please visit our official portal at www.adrigizmo.com for detailed information regarding Adrigizmo Services.
Free Courses,How to register for free? (QID-641),"All courses on Alison via ADRIGIZMO are 100% free to learn. You can access 6,000+ courses, modules, and quizzes without upfront costs. Certificates are optional for a small fee."
Adrigizmo Services,About M.T. Manukumar? (QID-642),Please visit our official portal at www.adrigizmo.com for detailed information regarding Adrigizmo Services.
Free Courses,Duration of courses? (QID-643),"All courses on Alison via ADRIGIZMO are 100% free to learn. You can access 6,000+ courses, modules, and quizzes without upfront costs. Certificates are optional for a small fee."
Free Courses,Duration of courses? (QID-644),"All courses on Alison via ADRIGIZMO are 100% free to learn. You can access 6,000+ courses, modules, and quizzes without upfront costs. Certificates are optional for a small fee."
Adrigizmo Services,What is Adrigizmo? (QID-645),Please visit our official portal at www.adrigizmo.com for detailed information regarding Adrigizmo Services.
Career Guidance,How to choose a career? (QID-646),Continuous upskilling is essential in 2026. Practical skills and accredited certificates often outweigh traditional degrees. Start your upskilling journey with our free accredited tracks.
Career Guidance,Upskilling importance? (QID-647),Continuous upskilling is essential in 2026. Practical skills and accredited certificates often outweigh traditional degrees. Start your upskilling journey with our free accredited tracks.
Career Guidance,Importance of practical skills? (QID-648),Continuous upskilling is essential in 2026. Practical skills and accredited certificates often outweigh traditional degrees. Start your upskilling journey with our free accredited tracks.
Free Courses,How to register for free? (QID-649),"All courses on Alison via ADRIGIZMO are 100% free to learn. You can access 6,000+ courses, modules, and quizzes without upfront costs. Certificates are optional for a small fee."
Career Guidance,Career growth in 2026? (QID-650),Continuous upskilling is essential in 2026. Practical skills and accredited certificates often outweigh traditional degrees. Start your upskilling journey with our free accredited tracks.
Game & Challenge,How to play? (QID-651),Please visit our official portal at www.adrigizmo.com for detailed information regarding Game & Challenge.
Game & Challenge,How to play? (QID-652),Please visit our official portal at www.adrigizmo.com for detailed information regarding Game & Challenge.
Free Courses,Duration of courses? (QID-653),"All courses on Alison via ADRIGIZMO are 100% free to learn. You can access 6,000+ courses, modules, and quizzes without upfront costs. Certificates are optional for a small fee."
Free Courses,Accredited certificates? (QID-654),"All courses on Alison via ADRIGIZMO are 100% free to learn. You can access 6,000+ courses, modules, and quizzes without upfront costs. Certificates are optional for a small fee."
Career Guidance,Importance of practical skills? (QID-655),Continuous upskilling is essential in 2026. Practical skills and accredited certificates often outweigh traditional degrees. Start your upskilling journey with our free accredited tracks.
Career Guidance,Career growth in 2026? (QID-656),Continuous upskilling is essential in 2026. Practical skills and accredited certificates often outweigh traditional degrees. Start your upskilling journey with our free accredited tracks.
Adrigizmo Services,WhatsApp support? (QID-657),Please visit our official portal at www.adrigizmo.com for detailed information regarding Adrigizmo Services.
Free Courses,Accredited certificates? (QID-658),"All courses on Alison via ADRIGIZMO are 100% free to learn. You can access 6,000+ courses, modules, and quizzes without upfront costs. Certificates are optional for a small fee."
Adrigizmo Services,About M.T. Manukumar? (QID-659),Please visit our official portal at www.adrigizmo.com for detailed information regarding Adrigizmo Services.
ATS Resume Builder,How to build a resume? (QID-660),Our ATS Resume Builder is 100% free. It is designed to pass Applicant Tracking Systems. Your data stays in your browser and is not stored on our servers.
Game & Challenge,Purpose of game? (QID-661),Please visit our official portal at www.adrigizmo.com for detailed information regarding Game & Challenge.
Free Courses,How to register for free? (QID-662),"All courses on Alison via ADRIGIZMO are 100% free to learn. You can access 6,000+ courses, modules, and quizzes without upfront costs. Certificates are optional for a small fee."
Career Guidance,Importance of practical skills? (QID-663),Continuous upskilling is essential in 2026. Practical skills and accredited certificates often outweigh traditional degrees. Start your upskilling journey with our free accredited tracks.
Career Guidance,Importance of practical skills? (QID-664),Continuous upskilling is essential in 2026. Practical skills and accredited certificates often outweigh traditional degrees. Start your upskilling journey with our free accredited tracks.
Free Courses,How to register for free? (QID-665),"All courses on Alison via ADRIGIZMO are 100% free to learn. You can access 6,000+ courses, modules, and quizzes without upfront costs. Certificates are optional for a small fee."
Free Courses,Course assessment process? (QID-666),"All courses on Alison via ADRIGIZMO are 100% free to learn. You can access 6,000+ courses, modules, and quizzes without upfront costs. Certificates are optional for a small fee."
Adrigizmo Services,WhatsApp support? (QID-667),Please visit our official portal at www.adrigizmo.com for detailed information regarding Adrigizmo Services.
Adrigizmo Services,About M.T. Manukumar? (QID-668),Please visit our official portal at www.adrigizmo.com for detailed information regarding Adrigizmo Services.
Free Courses,Accredited certificates? (QID-669),"All courses on Alison via ADRIGIZMO are 100% free to learn. You can access 6,000+ courses, modules, and quizzes without upfront costs. Certificates are optional for a small fee."
Career Guidance,Importance of practical skills? (QID-670),Continuous upskilling is essential in 2026. Practical skills and accredited certificates often outweigh traditional degrees. Start your upskilling journey with our free accredited tracks.
Adrigizmo Services,WhatsApp support? (QID-671),Please visit our official portal at www.adrigizmo.com for detailed information regarding Adrigizmo Services.
Free Courses,How to register for free? (QID-672),"All courses on Alison via ADRIGIZMO are 100% free to learn. You can access 6,000+ courses, modules, and quizzes without upfront costs. Certificates are optional for a small fee."
Free Courses,Course assessment process? (QID-673),"All courses on Alison via ADRIGIZMO are 100% free to learn. You can access 6,000+ courses, modules, and quizzes without upfront costs. Certificates are optional for a small fee."
Career Guidance,Career growth in 2026? (QID-674),Continuous upskilling is essential in 2026. Practical skills and accredited certificates often outweigh traditional degrees. Start your upskilling journey with our free accredited tracks.
Free Courses,Alison free courses? (QID-675),"All courses on Alison via ADRIGIZMO are 100% free to learn. You can access 6,000+ courses, modules, and quizzes without upfront costs. Certificates are optional for a small fee."
ATS Resume Builder,Is it free? (QID-676),Our ATS Resume Builder is 100% free. It is designed to pass Applicant Tracking Systems. Your data stays in your browser and is not stored on our servers.
Game & Challenge,How to play? (QID-677),Please visit our official portal at www.adrigizmo.com for detailed information regarding Game & Challenge.
Free Courses,Duration of courses? (QID-678),"All courses on Alison via ADRIGIZMO are 100% free to learn. You can access 6,000+ courses, modules, and quizzes without upfront costs. Certificates are optional for a small fee."
ATS Resume Builder,Custom templates? (QID-679),Our ATS Resume Builder is 100% free. It is designed to pass Applicant Tracking Systems. Your data stays in your browser and is not stored on our servers.
Game & Challenge,Purpose of game? (QID-680),Please visit our official portal at www.adrigizmo.com for detailed information regarding Game & Challenge.
ATS Resume Builder,Custom templates? (QID-681),Our ATS Resume Builder is 100% free. It is designed to pass Applicant Tracking Systems. Your data stays in your browser and is not stored on our servers.
ATS Resume Builder,Custom templates? (QID-682),Our ATS Resume Builder is 100% free. It is designed to pass Applicant Tracking Systems. Your data stays in your browser and is not stored on our servers.
Adrigizmo Services,Corporate training? (QID-683),Please visit our official portal at www.adrigizmo.com for detailed information regarding Adrigizmo Services.
Adrigizmo Services,About M.T. Manukumar? (QID-684),Please visit our official portal at www.adrigizmo.com for detailed information regarding Adrigizmo Services.
Game & Challenge,How to play? (QID-685),Please visit our official portal at www.adrigizmo.com for detailed information regarding Game & Challenge.
Game & Challenge,Field selection? (QID-686),Please visit our official portal at www.adrigizmo.com for detailed information regarding Game & Challenge.
Career Guidance,Career growth in 2026? (QID-687),Continuous upskilling is essential in 2026. Practical skills and accredited certificates often outweigh traditional degrees. Start your upskilling journey with our free accredited tracks.
Career Guidance,Career growth in 2026? (QID-688),Continuous upskilling is essential in 2026. Practical skills and accredited certificates often outweigh traditional degrees. Start your upskilling journey with our free accredited tracks.
Game & Challenge,3D Escape Room Challenge? (QID-689),Please visit our official portal at www.adrigizmo.com for detailed information regarding Game & Challenge.
ATS Resume Builder,What is ATS resume? (QID-690),Our ATS Resume Builder is 100% free. It is designed to pass Applicant Tracking Systems. Your data stays in your browser and is not stored on our servers.
Free Courses,Duration of courses? (QID-691),"All courses on Alison via ADRIGIZMO are 100% free to learn. You can access 6,000+ courses, modules, and quizzes without upfront costs. Certificates are optional for a small fee."
Adrigizmo Services,What is Adrigizmo? (QID-692),Please visit our official portal at www.adrigizmo.com for detailed information regarding Adrigizmo Services.
ATS Resume Builder,Custom templates? (QID-693),Our ATS Resume Builder is 100% free. It is designed to pass Applicant Tracking Systems. Your data stays in your browser and is not stored on our servers.
Career Guidance,Upskilling importance? (QID-694),Continuous upskilling is essential in 2026. Practical skills and accredited certificates often outweigh traditional degrees. Start your upskilling journey with our free accredited tracks.
Game & Challenge,Purpose of game? (QID-695),Please visit our official portal at www.adrigizmo.com for detailed information regarding Game & Challenge.
ATS Resume Builder,What is ATS resume? (QID-696),Our ATS Resume Builder is 100% free. It is designed to pass Applicant Tracking Systems. Your data stays in your browser and is not stored on our servers.
ATS Resume Builder,Is it free? (QID-697),Our ATS Resume Builder is 100% free. It is designed to pass Applicant Tracking Systems. Your data stays in your browser and is not stored on our servers.
Free Courses,How to register for free? (QID-698),"All courses on Alison via ADRIGIZMO are 100% free to learn. You can access 6,000+ courses, modules, and quizzes without upfront costs. Certificates are optional for a small fee."
Free Courses,Duration of courses? (QID-699),"All courses on Alison via ADRIGIZMO are 100% free to learn. You can access 6,000+ courses, modules, and quizzes without upfront costs. Certificates are optional for a small fee."
Game & Challenge,How to play? (QID-700),Please visit our official portal at www.adrigizmo.com for detailed information regarding Game & Challenge.
Game & Challenge,Field selection? (QID-701),Please visit our official portal at www.adrigizmo.com for detailed information regarding Game & Challenge.
Career Guidance,How to choose a career? (QID-702),Continuous upskilling is essential in 2026. Practical skills and accredited certificates often outweigh traditional degrees. Start your upskilling journey with our free accredited tracks.
Adrigizmo Services,Contact details? (QID-703),Please visit our official portal at www.adrigizmo.com for detailed information regarding Adrigizmo Services.
Free Courses,Accredited certificates? (QID-704),"All courses on Alison via ADRIGIZMO are 100% free to learn. You can access 6,000+ courses, modules, and quizzes without upfront costs. Certificates are optional for a small fee."
Adrigizmo Services,What is Adrigizmo? (QID-705),Please visit our official portal at www.adrigizmo.com for detailed information regarding Adrigizmo Services.
Adrigizmo Services,WhatsApp support? (QID-706),Please visit our official portal at www.adrigizmo.com for detailed information regarding Adrigizmo Services.
Free Courses,Course assessment process? (QID-707),"All courses on Alison via ADRIGIZMO are 100% free to learn. You can access 6,000+ courses, modules, and quizzes without upfront costs. Certificates are optional for a small fee."
Game & Challenge,How to play? (QID-708),Please visit our official portal at www.adrigizmo.com for detailed information regarding Game & Challenge.
Adrigizmo Services,What is Adrigizmo? (QID-709),Please visit our official portal at www.adrigizmo.com for detailed information regarding Adrigizmo Services.
Free Courses,How to register for free? (QID-710),"All courses on Alison via ADRIGIZMO are 100% free to learn. You can access 6,000+ courses, modules, and quizzes without upfront costs. Certificates are optional for a small fee."
Game & Challenge,Purpose of game? (QID-711),Please visit our official portal at www.adrigizmo.com for detailed information regarding Game & Challenge.
Career Guidance,Importance of practical skills? (QID-712),Continuous upskilling is essential in 2026. Practical skills and accredited certificates often outweigh traditional degrees. Start your upskilling journey with our free accredited tracks.
Career Guidance,Upskilling importance? (QID-713),Continuous upskilling is essential in 2026. Practical skills and accredited certificates often outweigh traditional degrees. Start your upskilling journey with our free accredited tracks.
ATS Resume Builder,Custom templates? (QID-714),Our ATS Resume Builder is 100% free. It is designed to pass Applicant Tracking Systems. Your data stays in your browser and is not stored on our servers.
Free Courses,Accredited certificates? (QID-715),"All courses on Alison via ADRIGIZMO are 100% free to learn. You can access 6,000+ courses, modules, and quizzes without upfront costs. Certificates are optional for a small fee."
Career Guidance,Importance of practical skills? (QID-716),Continuous upskilling is essential in 2026. Practical skills and accredited certificates often outweigh traditional degrees. Start your upskilling journey with our free accredited tracks.
ATS Resume Builder,Privacy of data? (QID-717),Our ATS Resume Builder is 100% free. It is designed to pass Applicant Tracking Systems. Your data stays in your browser and is not stored on our servers.
Free Courses,Accredited certificates? (QID-718),"All courses on Alison via ADRIGIZMO are 100% free to learn. You can access 6,000+ courses, modules, and quizzes without upfront costs. Certificates are optional for a small fee."
Adrigizmo Services,What is Adrigizmo? (QID-719),Please visit our official portal at www.adrigizmo.com for detailed information regarding Adrigizmo Services.
ATS Resume Builder,Custom templates? (QID-720),Our ATS Resume Builder is 100% free. It is designed to pass Applicant Tracking Systems. Your data stays in your browser and is not stored on our servers.
Adrigizmo Services,What is Adrigizmo? (QID-721),Please visit our official portal at www.adrigizmo.com for detailed information regarding Adrigizmo Services.
Game & Challenge,Field selection? (QID-722),Please visit our official portal at www.adrigizmo.com for detailed information regarding Game & Challenge.
Free Courses,Accredited certificates? (QID-723),"All courses on Alison via ADRIGIZMO are 100% free to learn. You can access 6,000+ courses, modules, and quizzes without upfront costs. Certificates are optional for a small fee."
Career Guidance,Importance of practical skills? (QID-724),Continuous upskilling is essential in 2026. Practical skills and accredited certificates often outweigh traditional degrees. Start your upskilling journey with our free accredited tracks.
ATS Resume Builder,What is ATS resume? (QID-725),Our ATS Resume Builder is 100% free. It is designed to pass Applicant Tracking Systems. Your data stays in your browser and is not stored on our servers.
ATS Resume Builder,Custom templates? (QID-726),Our ATS Resume Builder is 100% free. It is designed to pass Applicant Tracking Systems. Your data stays in your browser and is not stored on our servers.
Career Guidance,How to choose a career? (QID-727),Continuous upskilling is essential in 2026. Practical skills and accredited certificates often outweigh traditional degrees. Start your upskilling journey with our free accredited tracks.
Adrigizmo Services,About M.T. Manukumar? (QID-728),Please visit our official portal at www.adrigizmo.com for detailed information regarding Adrigizmo Services.
Adrigizmo Services,About M.T. Manukumar? (QID-729),Please visit our official portal at www.adrigizmo.com for detailed information regarding Adrigizmo Services.
Game & Challenge,How to play? (QID-730),Please visit our official portal at www.adrigizmo.com for detailed information regarding Game & Challenge.
ATS Resume Builder,Privacy of data? (QID-731),Our ATS Resume Builder is 100% free. It is designed to pass Applicant Tracking Systems. Your data stays in your browser and is not stored on our servers.
Game & Challenge,3D Escape Room Challenge? (QID-732),Please visit our official portal at www.adrigizmo.com for detailed information regarding Game & Challenge.
ATS Resume Builder,Is it free? (QID-733),Our ATS Resume Builder is 100% free. It is designed to pass Applicant Tracking Systems. Your data stays in your browser and is not stored on our servers.
Game & Challenge,Purpose of game? (QID-734),Please visit our official portal at www.adrigizmo.com for detailed information regarding Game & Challenge.
Adrigizmo Services,About M.T. Manukumar? (QID-735),Please visit our official portal at www.adrigizmo.com for detailed information regarding Adrigizmo Services.
Free Courses,Duration of courses? (QID-736),"All courses on Alison via ADRIGIZMO are 100% free to learn. You can access 6,000+ courses, modules, and quizzes without upfront costs. Certificates are optional for a small fee."
Career Guidance,Career growth in 2026? (QID-737),Continuous upskilling is essential in 2026. Practical skills and accredited certificates often outweigh traditional degrees. Start your upskilling journey with our free accredited tracks.
Adrigizmo Services,WhatsApp support? (QID-738),Please visit our official portal at www.adrigizmo.com for detailed information regarding Adrigizmo Services.
Free Courses,Duration of courses? (QID-739),"All courses on Alison via ADRIGIZMO are 100% free to learn. You can access 6,000+ courses, modules, and quizzes without upfront costs. Certificates are optional for a small fee."
Adrigizmo Services,WhatsApp support? (QID-740),Please visit our official portal at www.adrigizmo.com for detailed information regarding Adrigizmo Services.
Career Guidance,Importance of practical skills? (QID-741),Continuous upskilling is essential in 2026. Practical skills and accredited certificates often outweigh traditional degrees. Start your upskilling journey with our free accredited tracks.
Free Courses,Course assessment process? (QID-742),"All courses on Alison via ADRIGIZMO are 100% free to learn. You can access 6,000+ courses, modules, and quizzes without upfront costs. Certificates are optional for a small fee."
ATS Resume Builder,Custom templates? (QID-743),Our ATS Resume Builder is 100% free. It is designed to pass Applicant Tracking Systems. Your data stays in your browser and is not stored on our servers.
Free Courses,Alison free courses? (QID-744),"All courses on Alison via ADRIGIZMO are 100% free to learn. You can access 6,000+ courses, modules, and quizzes without upfront costs. Certificates are optional for a small fee."
ATS Resume Builder,What is ATS resume? (QID-745),Our ATS Resume Builder is 100% free. It is designed to pass Applicant Tracking Systems. Your data stays in your browser and is not stored on our servers.
Career Guidance,Is university degree enough?? (QID-746),Continuous upskilling is essential in 2026. Practical skills and accredited certificates often outweigh traditional degrees. Start your upskilling journey with our free accredited tracks.
Game & Challenge,3D Escape Room Challenge? (QID-747),Please visit our official portal at www.adrigizmo.com for detailed information regarding Game & Challenge.
Game & Challenge,How to play? (QID-748),Please visit our official portal at www.adrigizmo.com for detailed information regarding Game & Challenge.
Game & Challenge,Field selection? (QID-749),Please visit our official portal at www.adrigizmo.com for detailed information regarding Game & Challenge.
ATS Resume Builder,Custom templates? (QID-750),Our ATS Resume Builder is 100% free. It is designed to pass Applicant Tracking Systems. Your data stays in your browser and is not stored on our servers.
Career Guidance,Is university degree enough?? (QID-751),Continuous upskilling is essential in 2026. Practical skills and accredited certificates often outweigh traditional degrees. Start your upskilling journey with our free accredited tracks.
Adrigizmo Services,About M.T. Manukumar? (QID-752),Please visit our official portal at www.adrigizmo.com for detailed information regarding Adrigizmo Services.
Adrigizmo Services,What is Adrigizmo? (QID-753),Please visit our official portal at www.adrigizmo.com for detailed information regarding Adrigizmo Services.
Free Courses,Course assessment process? (QID-754),"All courses on Alison via ADRIGIZMO are 100% free to learn. You can access 6,000+ courses, modules, and quizzes without upfront costs. Certificates are optional for a small fee."
Free Courses,How to register for free? (QID-755),"All courses on Alison via ADRIGIZMO are 100% free to learn. You can access 6,000+ courses, modules, and quizzes without upfront costs. Certificates are optional for a small fee."
Career Guidance,Upskilling importance? (QID-756),Continuous upskilling is essential in 2026. Practical skills and accredited certificates often outweigh traditional degrees. Start your upskilling journey with our free accredited tracks.
ATS Resume Builder,What is ATS resume? (QID-757),Our ATS Resume Builder is 100% free. It is designed to pass Applicant Tracking Systems. Your data stays in your browser and is not stored on our servers.
Career Guidance,Importance of practical skills? (QID-758),Continuous upskilling is essential in 2026. Practical skills and accredited certificates often outweigh traditional degrees. Start your upskilling journey with our free accredited tracks.
Adrigizmo Services,Corporate training? (QID-759),Please visit our official portal at www.adrigizmo.com for detailed information regarding Adrigizmo Services.
Adrigizmo Services,About M.T. Manukumar? (QID-760),Please visit our official portal at www.adrigizmo.com for detailed information regarding Adrigizmo Services.
Adrigizmo Services,Corporate training? (QID-761),Please visit our official portal at www.adrigizmo.com for detailed information regarding Adrigizmo Services.
Game & Challenge,Field selection? (QID-762),Please visit our official portal at www.adrigizmo.com for detailed information regarding Game & Challenge.
Career Guidance,Importance of practical skills? (QID-763),Continuous upskilling is essential in 2026. Practical skills and accredited certificates often outweigh traditional degrees. Start your upskilling journey with our free accredited tracks.
Career Guidance,Is university degree enough?? (QID-764),Continuous upskilling is essential in 2026. Practical skills and accredited certificates often outweigh traditional degrees. Start your upskilling journey with our free accredited tracks.
Game & Challenge,Purpose of game? (QID-765),Please visit our official portal at www.adrigizmo.com for detailed information regarding Game & Challenge.
Free Courses,Duration of courses? (QID-766),"All courses on Alison via ADRIGIZMO are 100% free to learn. You can access 6,000+ courses, modules, and quizzes without upfront costs. Certificates are optional for a small fee."
Career Guidance,Is university degree enough?? (QID-767),Continuous upskilling is essential in 2026. Practical skills and accredited certificates often outweigh traditional degrees. Start your upskilling journey with our free accredited tracks.
Free Courses,Duration of courses? (QID-768),"All courses on Alison via ADRIGIZMO are 100% free to learn. You can access 6,000+ courses, modules, and quizzes without upfront costs. Certificates are optional for a small fee."
Game & Challenge,Purpose of game? (QID-769),Please visit our official portal at www.adrigizmo.com for detailed information regarding Game & Challenge.
ATS Resume Builder,How to build a resume? (QID-770),Our ATS Resume Builder is 100% free. It is designed to pass Applicant Tracking Systems. Your data stays in your browser and is not stored on our servers.
Free Courses,Duration of courses? (QID-771),"All courses on Alison via ADRIGIZMO are 100% free to learn. You can access 6,000+ courses, modules, and quizzes without upfront costs. Certificates are optional for a small fee."
Career Guidance,How to choose a career? (QID-772),Continuous upskilling is essential in 2026. Practical skills and accredited certificates often outweigh traditional degrees. Start your upskilling journey with our free accredited tracks.
Free Courses,Course assessment process? (QID-773),"All courses on Alison via ADRIGIZMO are 100% free to learn. You can access 6,000+ courses, modules, and quizzes without upfront costs. Certificates are optional for a small fee."
Free Courses,How to register for free? (QID-774),"All courses on Alison via ADRIGIZMO are 100% free to learn. You can access 6,000+ courses, modules, and quizzes without upfront costs. Certificates are optional for a small fee."
Free Courses,How to register for free? (QID-775),"All courses on Alison via ADRIGIZMO are 100% free to learn. You can access 6,000+ courses, modules, and quizzes without upfront costs. Certificates are optional for a small fee."
Free Courses,Duration of courses? (QID-776),"All courses on Alison via ADRIGIZMO are 100% free to learn. You can access 6,000+ courses, modules, and quizzes without upfront costs. Certificates are optional for a small fee."
Career Guidance,How to choose a career? (QID-777),Continuous upskilling is essential in 2026. Practical skills and accredited certificates often outweigh traditional degrees. Start your upskilling journey with our free accredited tracks.
ATS Resume Builder,Privacy of data? (QID-778),Our ATS Resume Builder is 100% free. It is designed to pass Applicant Tracking Systems. Your data stays in your browser and is not stored on our servers.
Adrigizmo Services,Corporate training? (QID-779),Please visit our official portal at www.adrigizmo.com for detailed information regarding Adrigizmo Services.
ATS Resume Builder,How to build a resume? (QID-780),Our ATS Resume Builder is 100% free. It is designed to pass Applicant Tracking Systems. Your data stays in your browser and is not stored on our servers.
Career Guidance,Career growth in 2026? (QID-781),Continuous upskilling is essential in 2026. Practical skills and accredited certificates often outweigh traditional degrees. Start your upskilling journey with our free accredited tracks.
ATS Resume Builder,How to build a resume? (QID-782),Our ATS Resume Builder is 100% free. It is designed to pass Applicant Tracking Systems. Your data stays in your browser and is not stored on our servers.
Game & Challenge,Purpose of game? (QID-783),Please visit our official portal at www.adrigizmo.com for detailed information regarding Game & Challenge.
Game & Challenge,How to play? (QID-784),Please visit our official portal at www.adrigizmo.com for detailed information regarding Game & Challenge.
ATS Resume Builder,How to build a resume? (QID-785),Our ATS Resume Builder is 100% free. It is designed to pass Applicant Tracking Systems. Your data stays in your browser and is not stored on our servers.
Career Guidance,Upskilling importance? (QID-786),Continuous upskilling is essential in 2026. Practical skills and accredited certificates often outweigh traditional degrees. Start your upskilling journey with our free accredited tracks.
Adrigizmo Services,Contact details? (QID-787),Please visit our official portal at www.adrigizmo.com for detailed information regarding Adrigizmo Services.
Game & Challenge,Purpose of game? (QID-788),Please visit our official portal at www.adrigizmo.com for detailed information regarding Game & Challenge.
Career Guidance,Is university degree enough?? (QID-789),Continuous upskilling is essential in 2026. Practical skills and accredited certificates often outweigh traditional degrees. Start your upskilling journey with our free accredited tracks.
Free Courses,Duration of courses? (QID-790),"All courses on Alison via ADRIGIZMO are 100% free to learn. You can access 6,000+ courses, modules, and quizzes without upfront costs. Certificates are optional for a small fee."
Adrigizmo Services,What is Adrigizmo? (QID-791),Please visit our official portal at www.adrigizmo.com for detailed information regarding Adrigizmo Services.
Free Courses,Duration of courses? (QID-792),"All courses on Alison via ADRIGIZMO are 100% free to learn. You can access 6,000+ courses, modules, and quizzes without upfront costs. Certificates are optional for a small fee."
Adrigizmo Services,Contact details? (QID-793),Please visit our official portal at www.adrigizmo.com for detailed information regarding Adrigizmo Services.
Career Guidance,How to choose a career? (QID-794),Continuous upskilling is essential in 2026. Practical skills and accredited certificates often outweigh traditional degrees. Start your upskilling journey with our free accredited tracks.
Career Guidance,Upskilling importance? (QID-795),Continuous upskilling is essential in 2026. Practical skills and accredited certificates often outweigh traditional degrees. Start your upskilling journey with our free accredited tracks.
Career Guidance,Importance of practical skills? (QID-796),Continuous upskilling is essential in 2026. Practical skills and accredited certificates often outweigh traditional degrees. Start your upskilling journey with our free accredited tracks.
ATS Resume Builder,Custom templates? (QID-797),Our ATS Resume Builder is 100% free. It is designed to pass Applicant Tracking Systems. Your data stays in your browser and is not stored on our servers.
Game & Challenge,Purpose of game? (QID-798),Please visit our official portal at www.adrigizmo.com for detailed information regarding Game & Challenge.
ATS Resume Builder,Is it free? (QID-799),Our ATS Resume Builder is 100% free. It is designed to pass Applicant Tracking Systems. Your data stays in your browser and is not stored on our servers.
Career Guidance,Upskilling importance? (QID-800),Continuous upskilling is essential in 2026. Practical skills and accredited certificates often outweigh traditional degrees. Start your upskilling journey with our free accredited tracks.
Free Courses,Accredited certificates? (QID-801),"All courses on Alison via ADRIGIZMO are 100% free to learn. You can access 6,000+ courses, modules, and quizzes without upfront costs. Certificates are optional for a small fee."
Game & Challenge,Purpose of game? (QID-802),Please visit our official portal at www.adrigizmo.com for detailed information regarding Game & Challenge.
Game & Challenge,Field selection? (QID-803),Please visit our official portal at www.adrigizmo.com for detailed information regarding Game & Challenge.
Career Guidance,Is university degree enough?? (QID-804),Continuous upskilling is essential in 2026. Practical skills and accredited certificates often outweigh traditional degrees. Start your upskilling journey with our free accredited tracks.
ATS Resume Builder,How to build a resume? (QID-805),Our ATS Resume Builder is 100% free. It is designed to pass Applicant Tracking Systems. Your data stays in your browser and is not stored on our servers.
Career Guidance,Upskilling importance? (QID-806),Continuous upskilling is essential in 2026. Practical skills and accredited certificates often outweigh traditional degrees. Start your upskilling journey with our free accredited tracks.
Game & Challenge,Field selection? (QID-807),Please visit our official portal at www.adrigizmo.com for detailed information regarding Game & Challenge.
Career Guidance,Importance of practical skills? (QID-808),Continuous upskilling is essential in 2026. Practical skills and accredited certificates often outweigh traditional degrees. Start your upskilling journey with our free accredited tracks.
Game & Challenge,Field selection? (QID-809),Please visit our official portal at www.adrigizmo.com for detailed information regarding Game & Challenge.
Career Guidance,Importance of practical skills? (QID-810),Continuous upskilling is essential in 2026. Practical skills and accredited certificates often outweigh traditional degrees. Start your upskilling journey with our free accredited tracks.
Career Guidance,How to choose a career? (QID-811),Continuous upskilling is essential in 2026. Practical skills and accredited certificates often outweigh traditional degrees. Start your upskilling journey with our free accredited tracks.
Free Courses,Course assessment process? (QID-812),"All courses on Alison via ADRIGIZMO are 100% free to learn. You can access 6,000+ courses, modules, and quizzes without upfront costs. Certificates are optional for a small fee."
Game & Challenge,Purpose of game? (QID-813),Please visit our official portal at www.adrigizmo.com for detailed information regarding Game & Challenge.
Career Guidance,Career growth in 2026? (QID-814),Continuous upskilling is essential in 2026. Practical skills and accredited certificates often outweigh traditional degrees. Start your upskilling journey with our free accredited tracks.
Free Courses,Course assessment process? (QID-815),"All courses on Alison via ADRIGIZMO are 100% free to learn. You can access 6,000+ courses, modules, and quizzes without upfront costs. Certificates are optional for a small fee."
Free Courses,Alison free courses? (QID-816),"All courses on Alison via ADRIGIZMO are 100% free to learn. You can access 6,000+ courses, modules, and quizzes without upfront costs. Certificates are optional for a small fee."
Game & Challenge,Field selection? (QID-817),Please visit our official portal at www.adrigizmo.com for detailed information regarding Game & Challenge.
Career Guidance,Importance of practical skills? (QID-818),Continuous upskilling is essential in 2026. Practical skills and accredited certificates often outweigh traditional degrees. Start your upskilling journey with our free accredited tracks.
Free Courses,Accredited certificates? (QID-819),"All courses on Alison via ADRIGIZMO are 100% free to learn. You can access 6,000+ courses, modules, and quizzes without upfront costs. Certificates are optional for a small fee."
Game & Challenge,Field selection? (QID-820),Please visit our official portal at www.adrigizmo.com for detailed information regarding Game & Challenge.
ATS Resume Builder,How to build a resume? (QID-821),Our ATS Resume Builder is 100% free. It is designed to pass Applicant Tracking Systems. Your data stays in your browser and is not stored on our servers.
Adrigizmo Services,WhatsApp support? (QID-822),Please visit our official portal at www.adrigizmo.com for detailed information regarding Adrigizmo Services.
Adrigizmo Services,Corporate training? (QID-823),Please visit our official portal at www.adrigizmo.com for detailed information regarding Adrigizmo Services.
Free Courses,Alison free courses? (QID-824),"All courses on Alison via ADRIGIZMO are 100% free to learn. You can access 6,000+ courses, modules, and quizzes without upfront costs. Certificates are optional for a small fee."
Free Courses,Course assessment process? (QID-825),"All courses on Alison via ADRIGIZMO are 100% free to learn. You can access 6,000+ courses, modules, and quizzes without upfront costs. Certificates are optional for a small fee."
Game & Challenge,How to play? (QID-826),Please visit our official portal at www.adrigizmo.com for detailed information regarding Game & Challenge.
Game & Challenge,Purpose of game? (QID-827),Please visit our official portal at www.adrigizmo.com for detailed information regarding Game & Challenge.
Free Courses,Course assessment process? (QID-828),"All courses on Alison via ADRIGIZMO are 100% free to learn. You can access 6,000+ courses, modules, and quizzes without upfront costs. Certificates are optional for a small fee."
Adrigizmo Services,WhatsApp support? (QID-829),Please visit our official portal at www.adrigizmo.com for detailed information regarding Adrigizmo Services.
Game & Challenge,3D Escape Room Challenge? (QID-830),Please visit our official portal at www.adrigizmo.com for detailed information regarding Game & Challenge.
Game & Challenge,How to play? (QID-831),Please visit our official portal at www.adrigizmo.com for detailed information regarding Game & Challenge.
Game & Challenge,Purpose of game? (QID-832),Please visit our official portal at www.adrigizmo.com for detailed information regarding Game & Challenge.
Adrigizmo Services,About M.T. Manukumar? (QID-833),Please visit our official portal at www.adrigizmo.com for detailed information regarding Adrigizmo Services.
ATS Resume Builder,Custom templates? (QID-834),Our ATS Resume Builder is 100% free. It is designed to pass Applicant Tracking Systems. Your data stays in your browser and is not stored on our servers.
Career Guidance,How to choose a career? (QID-835),Continuous upskilling is essential in 2026. Practical skills and accredited certificates often outweigh traditional degrees. Start your upskilling journey with our free accredited tracks.
Free Courses,How to register for free? (QID-836),"All courses on Alison via ADRIGIZMO are 100% free to learn. You can access 6,000+ courses, modules, and quizzes without upfront costs. Certificates are optional for a small fee."
Free Courses,Accredited certificates? (QID-837),"All courses on Alison via ADRIGIZMO are 100% free to learn. You can access 6,000+ courses, modules, and quizzes without upfront costs. Certificates are optional for a small fee."
ATS Resume Builder,What is ATS resume? (QID-838),Our ATS Resume Builder is 100% free. It is designed to pass Applicant Tracking Systems. Your data stays in your browser and is not stored on our servers.
Adrigizmo Services,What is Adrigizmo? (QID-839),Please visit our official portal at www.adrigizmo.com for detailed information regarding Adrigizmo Services.
Career Guidance,How to choose a career? (QID-840),Continuous upskilling is essential in 2026. Practical skills and accredited certificates often outweigh traditional degrees. Start your upskilling journey with our free accredited tracks.
Adrigizmo Services,Contact details? (QID-841),Please visit our official portal at www.adrigizmo.com for detailed information regarding Adrigizmo Services.
Career Guidance,Is university degree enough?? (QID-842),Continuous upskilling is essential in 2026. Practical skills and accredited certificates often outweigh traditional degrees. Start your upskilling journey with our free accredited tracks.
ATS Resume Builder,Privacy of data? (QID-843),Our ATS Resume Builder is 100% free. It is designed to pass Applicant Tracking Systems. Your data stays in your browser and is not stored on our servers.
Free Courses,Accredited certificates? (QID-844),"All courses on Alison via ADRIGIZMO are 100% free to learn. You can access 6,000+ courses, modules, and quizzes without upfront costs. Certificates are optional for a small fee."
ATS Resume Builder,Custom templates? (QID-845),Our ATS Resume Builder is 100% free. It is designed to pass Applicant Tracking Systems. Your data stays in your browser and is not stored on our servers.
Game & Challenge,Field selection? (QID-846),Please visit our official portal at www.adrigizmo.com for detailed information regarding Game & Challenge.
Adrigizmo Services,Contact details? (QID-847),Please visit our official portal at www.adrigizmo.com for detailed information regarding Adrigizmo Services.
Game & Challenge,How to play? (QID-848),Please visit our official portal at www.adrigizmo.com for detailed information regarding Game & Challenge.
Game & Challenge,Purpose of game? (QID-849),Please visit our official portal at www.adrigizmo.com for detailed information regarding Game & Challenge.
Adrigizmo Services,Contact details? (QID-850),Please visit our official portal at www.adrigizmo.com for detailed information regarding Adrigizmo Services.
Adrigizmo Services,Contact details? (QID-851),Please visit our official portal at www.adrigizmo.com for detailed information regarding Adrigizmo Services.
Free Courses,Alison free courses? (QID-852),"All courses on Alison via ADRIGIZMO are 100% free to learn. You can access 6,000+ courses, modules, and quizzes without upfront costs. Certificates are optional for a small fee."
Free Courses,Alison free courses? (QID-853),"All courses on Alison via ADRIGIZMO are 100% free to learn. You can access 6,000+ courses, modules, and quizzes without upfront costs. Certificates are optional for a small fee."
Game & Challenge,Purpose of game? (QID-854),Please visit our official portal at www.adrigizmo.com for detailed information regarding Game & Challenge.
Adrigizmo Services,About M.T. Manukumar? (QID-855),Please visit our official portal at www.adrigizmo.com for detailed information regarding Adrigizmo Services.
Career Guidance,Career growth in 2026? (QID-856),Continuous upskilling is essential in 2026. Practical skills and accredited certificates often outweigh traditional degrees. Start your upskilling journey with our free accredited tracks.
ATS Resume Builder,Privacy of data? (QID-857),Our ATS Resume Builder is 100% free. It is designed to pass Applicant Tracking Systems. Your data stays in your browser and is not stored on our servers.
Free Courses,Course assessment process? (QID-858),"All courses on Alison via ADRIGIZMO are 100% free to learn. You can access 6,000+ courses, modules, and quizzes without upfront costs. Certificates are optional for a small fee."
Free Courses,Duration of courses? (QID-859),"All courses on Alison via ADRIGIZMO are 100% free to learn. You can access 6,000+ courses, modules, and quizzes without upfront costs. Certificates are optional for a small fee."
Adrigizmo Services,About M.T. Manukumar? (QID-860),Please visit our official portal at www.adrigizmo.com for detailed information regarding Adrigizmo Services.
Career Guidance,Importance of practical skills? (QID-861),Continuous upskilling is essential in 2026. Practical skills and accredited certificates often outweigh traditional degrees. Start your upskilling journey with our free accredited tracks.
Game & Challenge,How to play? (QID-862),Please visit our official portal at www.adrigizmo.com for detailed information regarding Game & Challenge.
Adrigizmo Services,Contact details? (QID-863),Please visit our official portal at www.adrigizmo.com for detailed information regarding Adrigizmo Services.
Free Courses,Accredited certificates? (QID-864),"All courses on Alison via ADRIGIZMO are 100% free to learn. You can access 6,000+ courses, modules, and quizzes without upfront costs. Certificates are optional for a small fee."
ATS Resume Builder,Is it free? (QID-865),Our ATS Resume Builder is 100% free. It is designed to pass Applicant Tracking Systems. Your data stays in your browser and is not stored on our servers.
Adrigizmo Services,Contact details? (QID-866),Please visit our official portal at www.adrigizmo.com for detailed information regarding Adrigizmo Services.
Game & Challenge,Purpose of game? (QID-867),Please visit our official portal at www.adrigizmo.com for detailed information regarding Game & Challenge.
Adrigizmo Services,WhatsApp support? (QID-868),Please visit our official portal at www.adrigizmo.com for detailed information regarding Adrigizmo Services.
Career Guidance,How to choose a career? (QID-869),Continuous upskilling is essential in 2026. Practical skills and accredited certificates often outweigh traditional degrees. Start your upskilling journey with our free accredited tracks.
Adrigizmo Services,WhatsApp support? (QID-870),Please visit our official portal at www.adrigizmo.com for detailed information regarding Adrigizmo Services.
ATS Resume Builder,Is it free? (QID-871),Our ATS Resume Builder is 100% free. It is designed to pass Applicant Tracking Systems. Your data stays in your browser and is not stored on our servers.
Free Courses,Duration of courses? (QID-872),"All courses on Alison via ADRIGIZMO are 100% free to learn. You can access 6,000+ courses, modules, and quizzes without upfront costs. Certificates are optional for a small fee."
Adrigizmo Services,About M.T. Manukumar? (QID-873),Please visit our official portal at www.adrigizmo.com for detailed information regarding Adrigizmo Services.
Free Courses,Accredited certificates? (QID-874),"All courses on Alison via ADRIGIZMO are 100% free to learn. You can access 6,000+ courses, modules, and quizzes without upfront costs. Certificates are optional for a small fee."
Free Courses,Duration of courses? (QID-875),"All courses on Alison via ADRIGIZMO are 100% free to learn. You can access 6,000+ courses, modules, and quizzes without upfront costs. Certificates are optional for a small fee."
Adrigizmo Services,About M.T. Manukumar? (QID-876),Please visit our official portal at www.adrigizmo.com for detailed information regarding Adrigizmo Services.
Adrigizmo Services,What is Adrigizmo? (QID-877),Please visit our official portal at www.adrigizmo.com for detailed information regarding Adrigizmo Services.
Free Courses,How to register for free? (QID-878),"All courses on Alison via ADRIGIZMO are 100% free to learn. You can access 6,000+ courses, modules, and quizzes without upfront costs. Certificates are optional for a small fee."
Career Guidance,Importance of practical skills? (QID-879),Continuous upskilling is essential in 2026. Practical skills and accredited certificates often outweigh traditional degrees. Start your upskilling journey with our free accredited tracks.
Career Guidance,Importance of practical skills? (QID-880),Continuous upskilling is essential in 2026. Practical skills and accredited certificates often outweigh traditional degrees. Start your upskilling journey with our free accredited tracks.
Game & Challenge,3D Escape Room Challenge? (QID-881),Please visit our official portal at www.adrigizmo.com for detailed information regarding Game & Challenge.
Game & Challenge,Purpose of game? (QID-882),Please visit our official portal at www.adrigizmo.com for detailed information regarding Game & Challenge.
Game & Challenge,Purpose of game? (QID-883),Please visit our official portal at www.adrigizmo.com for detailed information regarding Game & Challenge.
Adrigizmo Services,WhatsApp support? (QID-884),Please visit our official portal at www.adrigizmo.com for detailed information regarding Adrigizmo Services.
ATS Resume Builder,What is ATS resume? (QID-885),Our ATS Resume Builder is 100% free. It is designed to pass Applicant Tracking Systems. Your data stays in your browser and is not stored on our servers.
Game & Challenge,Field selection? (QID-886),Please visit our official portal at www.adrigizmo.com for detailed information regarding Game & Challenge.
ATS Resume Builder,What is ATS resume? (QID-887),Our ATS Resume Builder is 100% free. It is designed to pass Applicant Tracking Systems. Your data stays in your browser and is not stored on our servers.
Free Courses,How to register for free? (QID-888),"All courses on Alison via ADRIGIZMO are 100% free to learn. You can access 6,000+ courses, modules, and quizzes without upfront costs. Certificates are optional for a small fee."
Adrigizmo Services,What is Adrigizmo? (QID-889),Please visit our official portal at www.adrigizmo.com for detailed information regarding Adrigizmo Services.
Adrigizmo Services,Corporate training? (QID-890),Please visit our official portal at www.adrigizmo.com for detailed information regarding Adrigizmo Services.
Game & Challenge,Field selection? (QID-891),Please visit our official portal at www.adrigizmo.com for detailed information regarding Game & Challenge.
ATS Resume Builder,Privacy of data? (QID-892),Our ATS Resume Builder is 100% free. It is designed to pass Applicant Tracking Systems. Your data stays in your browser and is not stored on our servers.
Free Courses,Accredited certificates? (QID-893),"All courses on Alison via ADRIGIZMO are 100% free to learn. You can access 6,000+ courses, modules, and quizzes without upfront costs. Certificates are optional for a small fee."
Career Guidance,Upskilling importance? (QID-894),Continuous upskilling is essential in 2026. Practical skills and accredited certificates often outweigh traditional degrees. Start your upskilling journey with our free accredited tracks.
Game & Challenge,Purpose of game? (QID-895),Please visit our official portal at www.adrigizmo.com for detailed information regarding Game & Challenge.
Career Guidance,Importance of practical skills? (QID-896),Continuous upskilling is essential in 2026. Practical skills and accredited certificates often outweigh traditional degrees. Start your upskilling journey with our free accredited tracks.
ATS Resume Builder,Privacy of data? (QID-897),Our ATS Resume Builder is 100% free. It is designed to pass Applicant Tracking Systems. Your data stays in your browser and is not stored on our servers.
Career Guidance,How to choose a career? (QID-898),Continuous upskilling is essential in 2026. Practical skills and accredited certificates often outweigh traditional degrees. Start your upskilling journey with our free accredited tracks.
Career Guidance,Upskilling importance? (QID-899),Continuous upskilling is essential in 2026. Practical skills and accredited certificates often outweigh traditional degrees. Start your upskilling journey with our free accredited tracks.
Adrigizmo Services,WhatsApp support? (QID-900),Please visit our official portal at www.adrigizmo.com for detailed information regarding Adrigizmo Services.
ATS Resume Builder,Is it free? (QID-901),Our ATS Resume Builder is 100% free. It is designed to pass Applicant Tracking Systems. Your data stays in your browser and is not stored on our servers.
Adrigizmo Services,WhatsApp support? (QID-902),Please visit our official portal at www.adrigizmo.com for detailed information regarding Adrigizmo Services.
Career Guidance,Upskilling importance? (QID-903),Continuous upskilling is essential in 2026. Practical skills and accredited certificates often outweigh traditional degrees. Start your upskilling journey with our free accredited tracks.
Game & Challenge,3D Escape Room Challenge? (QID-904),Please visit our official portal at www.adrigizmo.com for detailed information regarding Game & Challenge.
ATS Resume Builder,Is it free? (QID-905),Our ATS Resume Builder is 100% free. It is designed to pass Applicant Tracking Systems. Your data stays in your browser and is not stored on our servers.
ATS Resume Builder,What is ATS resume? (QID-906),Our ATS Resume Builder is 100% free. It is designed to pass Applicant Tracking Systems. Your data stays in your browser and is not stored on our servers.
Game & Challenge,Field selection? (QID-907),Please visit our official portal at www.adrigizmo.com for detailed information regarding Game & Challenge.
ATS Resume Builder,What is ATS resume? (QID-908),Our ATS Resume Builder is 100% free. It is designed to pass Applicant Tracking Systems. Your data stays in your browser and is not stored on our servers.
Free Courses,Accredited certificates? (QID-909),"All courses on Alison via ADRIGIZMO are 100% free to learn. You can access 6,000+ courses, modules, and quizzes without upfront costs. Certificates are optional for a small fee."
Adrigizmo Services,WhatsApp support? (QID-910),Please visit our official portal at www.adrigizmo.com for detailed information regarding Adrigizmo Services.
Free Courses,Alison free courses? (QID-911),"All courses on Alison via ADRIGIZMO are 100% free to learn. You can access 6,000+ courses, modules, and quizzes without upfront costs. Certificates are optional for a small fee."
Game & Challenge,How to play? (QID-912),Please visit our official portal at www.adrigizmo.com for detailed information regarding Game & Challenge.
Career Guidance,Is university degree enough?? (QID-913),Continuous upskilling is essential in 2026. Practical skills and accredited certificates often outweigh traditional degrees. Start your upskilling journey with our free accredited tracks.
ATS Resume Builder,Custom templates? (QID-914),Our ATS Resume Builder is 100% free. It is designed to pass Applicant Tracking Systems. Your data stays in your browser and is not stored on our servers.
ATS Resume Builder,Privacy of data? (QID-915),Our ATS Resume Builder is 100% free. It is designed to pass Applicant Tracking Systems. Your data stays in your browser and is not stored on our servers.
Free Courses,How to register for free? (QID-916),"All courses on Alison via ADRIGIZMO are 100% free to learn. You can access 6,000+ courses, modules, and quizzes without upfront costs. Certificates are optional for a small fee."
ATS Resume Builder,How to build a resume? (QID-917),Our ATS Resume Builder is 100% free. It is designed to pass Applicant Tracking Systems. Your data stays in your browser and is not stored on our servers.
Game & Challenge,Purpose of game? (QID-918),Please visit our official portal at www.adrigizmo.com for detailed information regarding Game & Challenge.
ATS Resume Builder,What is ATS resume? (QID-919),Our ATS Resume Builder is 100% free. It is designed to pass Applicant Tracking Systems. Your data stays in your browser and is not stored on our servers.
ATS Resume Builder,What is ATS resume? (QID-920),Our ATS Resume Builder is 100% free. It is designed to pass Applicant Tracking Systems. Your data stays in your browser and is not stored on our servers.
Adrigizmo Services,Corporate training? (QID-921),Please visit our official portal at www.adrigizmo.com for detailed information regarding Adrigizmo Services.
Game & Challenge,Field selection? (QID-922),Please visit our official portal at www.adrigizmo.com for detailed information regarding Game & Challenge.
Career Guidance,Importance of practical skills? (QID-923),Continuous upskilling is essential in 2026. Practical skills and accredited certificates often outweigh traditional degrees. Start your upskilling journey with our free accredited tracks.
Adrigizmo Services,Corporate training? (QID-924),Please visit our official portal at www.adrigizmo.com for detailed information regarding Adrigizmo Services.
Free Courses,How to register for free? (QID-925),"All courses on Alison via ADRIGIZMO are 100% free to learn. You can access 6,000+ courses, modules, and quizzes without upfront costs. Certificates are optional for a small fee."
Career Guidance,How to choose a career? (QID-926),Continuous upskilling is essential in 2026. Practical skills and accredited certificates often outweigh traditional degrees. Start your upskilling journey with our free accredited tracks.
Game & Challenge,Purpose of game? (QID-927),Please visit our official portal at www.adrigizmo.com for detailed information regarding Game & Challenge.
Adrigizmo Services,Contact details? (QID-928),Please visit our official portal at www.adrigizmo.com for detailed information regarding Adrigizmo Services.
Free Courses,Accredited certificates? (QID-929),"All courses on Alison via ADRIGIZMO are 100% free to learn. You can access 6,000+ courses, modules, and quizzes without upfront costs. Certificates are optional for a small fee."
Free Courses,Duration of courses? (QID-930),"All courses on Alison via ADRIGIZMO are 100% free to learn. You can access 6,000+ courses, modules, and quizzes without upfront costs. Certificates are optional for a small fee."
Free Courses,Alison free courses? (QID-931),"All courses on Alison via ADRIGIZMO are 100% free to learn. You can access 6,000+ courses, modules, and quizzes without upfront costs. Certificates are optional for a small fee."
Game & Challenge,How to play? (QID-932),Please visit our official portal at www.adrigizmo.com for detailed information regarding Game & Challenge.
Game & Challenge,How to play? (QID-933),Please visit our official portal at www.adrigizmo.com for detailed information regarding Game & Challenge.
Career Guidance,How to choose a career? (QID-934),Continuous upskilling is essential in 2026. Practical skills and accredited certificates often outweigh traditional degrees. Start your upskilling journey with our free accredited tracks.
Career Guidance,Upskilling importance? (QID-935),Continuous upskilling is essential in 2026. Practical skills and accredited certificates often outweigh traditional degrees. Start your upskilling journey with our free accredited tracks.
Career Guidance,Career growth in 2026? (QID-936),Continuous upskilling is essential in 2026. Practical skills and accredited certificates often outweigh traditional degrees. Start your upskilling journey with our free accredited tracks.
Game & Challenge,3D Escape Room Challenge? (QID-937),Please visit our official portal at www.adrigizmo.com for detailed information regarding Game & Challenge.
ATS Resume Builder,Custom templates? (QID-938),Our ATS Resume Builder is 100% free. It is designed to pass Applicant Tracking Systems. Your data stays in your browser and is not stored on our servers.
Adrigizmo Services,What is Adrigizmo? (QID-939),Please visit our official portal at www.adrigizmo.com for detailed information regarding Adrigizmo Services.
Free Courses,Duration of courses? (QID-940),"All courses on Alison via ADRIGIZMO are 100% free to learn. You can access 6,000+ courses, modules, and quizzes without upfront costs. Certificates are optional for a small fee."
ATS Resume Builder,Is it free? (QID-941),Our ATS Resume Builder is 100% free. It is designed to pass Applicant Tracking Systems. Your data stays in your browser and is not stored on our servers.
ATS Resume Builder,What is ATS resume? (QID-942),Our ATS Resume Builder is 100% free. It is designed to pass Applicant Tracking Systems. Your data stays in your browser and is not stored on our servers.
Free Courses,Accredited certificates? (QID-943),"All courses on Alison via ADRIGIZMO are 100% free to learn. You can access 6,000+ courses, modules, and quizzes without upfront costs. Certificates are optional for a small fee."
Career Guidance,Career growth in 2026? (QID-944),Continuous upskilling is essential in 2026. Practical skills and accredited certificates often outweigh traditional degrees. Start your upskilling journey with our free accredited tracks.
Adrigizmo Services,About M.T. Manukumar? (QID-945),Please visit our official portal at www.adrigizmo.com for detailed information regarding Adrigizmo Services.
Free Courses,Alison free courses? (QID-946),"All courses on Alison via ADRIGIZMO are 100% free to learn. You can access 6,000+ courses, modules, and quizzes without upfront costs. Certificates are optional for a small fee."
Free Courses,Duration of courses? (QID-947),"All courses on Alison via ADRIGIZMO are 100% free to learn. You can access 6,000+ courses, modules, and quizzes without upfront costs. Certificates are optional for a small fee."
Adrigizmo Services,Contact details? (QID-948),Please visit our official portal at www.adrigizmo.com for detailed information regarding Adrigizmo Services.
ATS Resume Builder,How to build a resume? (QID-949),Our ATS Resume Builder is 100% free. It is designed to pass Applicant Tracking Systems. Your data stays in your browser and is not stored on our servers.
ATS Resume Builder,Is it free? (QID-950),Our ATS Resume Builder is 100% free. It is designed to pass Applicant Tracking Systems. Your data stays in your browser and is not stored on our servers.
Career Guidance,Importance of practical skills? (QID-951),Continuous upskilling is essential in 2026. Practical skills and accredited certificates often outweigh traditional degrees. Start your upskilling journey with our free accredited tracks.
Career Guidance,Importance of practical skills? (QID-952),Continuous upskilling is essential in 2026. Practical skills and accredited certificates often outweigh traditional degrees. Start your upskilling journey with our free accredited tracks.
Adrigizmo Services,WhatsApp support? (QID-953),Please visit our official portal at www.adrigizmo.com for detailed information regarding Adrigizmo Services.
Career Guidance,Upskilling importance? (QID-954),Continuous upskilling is essential in 2026. Practical skills and accredited certificates often outweigh traditional degrees. Start your upskilling journey with our free accredited tracks.
Adrigizmo Services,WhatsApp support? (QID-955),Please visit our official portal at www.adrigizmo.com for detailed information regarding Adrigizmo Services.
Career Guidance,Career growth in 2026? (QID-956),Continuous upskilling is essential in 2026. Practical skills and accredited certificates often outweigh traditional degrees. Start your upskilling journey with our free accredited tracks.
Game & Challenge,Field selection? (QID-957),Please visit our official portal at www.adrigizmo.com for detailed information regarding Game & Challenge.
Career Guidance,How to choose a career? (QID-958),Continuous upskilling is essential in 2026. Practical skills and accredited certificates often outweigh traditional degrees. Start your upskilling journey with our free accredited tracks.
Adrigizmo Services,Corporate training? (QID-959),Please visit our official portal at www.adrigizmo.com for detailed information regarding Adrigizmo Services.
Career Guidance,Is university degree enough?? (QID-960),Continuous upskilling is essential in 2026. Practical skills and accredited certificates often outweigh traditional degrees. Start your upskilling journey with our free accredited tracks.
Game & Challenge,How to play? (QID-961),Please visit our official portal at www.adrigizmo.com for detailed information regarding Game & Challenge.
Career Guidance,Is university degree enough?? (QID-962),Continuous upskilling is essential in 2026. Practical skills and accredited certificates often outweigh traditional degrees. Start your upskilling journey with our free accredited tracks.
Game & Challenge,3D Escape Room Challenge? (QID-963),Please visit our official portal at www.adrigizmo.com for detailed information regarding Game & Challenge.
Adrigizmo Services,Contact details? (QID-964),Please visit our official portal at www.adrigizmo.com for detailed information regarding Adrigizmo Services.
Game & Challenge,3D Escape Room Challenge? (QID-965),Please visit our official portal at www.adrigizmo.com for detailed information regarding Game & Challenge.
Adrigizmo Services,Corporate training? (QID-966),Please visit our official portal at www.adrigizmo.com for detailed information regarding Adrigizmo Services.
Free Courses,How to register for free? (QID-967),"All courses on Alison via ADRIGIZMO are 100% free to learn. You can access 6,000+ courses, modules, and quizzes without upfront costs. Certificates are optional for a small fee."
Game & Challenge,3D Escape Room Challenge? (QID-968),Please visit our official portal at www.adrigizmo.com for detailed information regarding Game & Challenge.
Adrigizmo Services,WhatsApp support? (QID-969),Please visit our official portal at www.adrigizmo.com for detailed information regarding Adrigizmo Services.
Game & Challenge,Field selection? (QID-970),Please visit our official portal at www.adrigizmo.com for detailed information regarding Game & Challenge.
Adrigizmo Services,Contact details? (QID-971),Please visit our official portal at www.adrigizmo.com for detailed information regarding Adrigizmo Services.
Adrigizmo Services,Contact details? (QID-972),Please visit our official portal at www.adrigizmo.com for detailed information regarding Adrigizmo Services.
Game & Challenge,3D Escape Room Challenge? (QID-973),Please visit our official portal at www.adrigizmo.com for detailed information regarding Game & Challenge.
Career Guidance,Upskilling importance? (QID-974),Continuous upskilling is essential in 2026. Practical skills and accredited certificates often outweigh traditional degrees. Start your upskilling journey with our free accredited tracks.
Adrigizmo Services,Contact details? (QID-975),Please visit our official portal at www.adrigizmo.com for detailed information regarding Adrigizmo Services.
Game & Challenge,3D Escape Room Challenge? (QID-976),Please visit our official portal at www.adrigizmo.com for detailed information regarding Game & Challenge.
Career Guidance,Career growth in 2026? (QID-977),Continuous upskilling is essential in 2026. Practical skills and accredited certificates often outweigh traditional degrees. Start your upskilling journey with our free accredited tracks.
Adrigizmo Services,About M.T. Manukumar? (QID-978),Please visit our official portal at www.adrigizmo.com for detailed information regarding Adrigizmo Services.
Free Courses,Accredited certificates? (QID-979),"All courses on Alison via ADRIGIZMO are 100% free to learn. You can access 6,000+ courses, modules, and quizzes without upfront costs. Certificates are optional for a small fee."
Career Guidance,Is university degree enough?? (QID-980),Continuous upskilling is essential in 2026. Practical skills and accredited certificates often outweigh traditional degrees. Start your upskilling journey with our free accredited tracks.
Game & Challenge,Purpose of game? (QID-981),Please visit our official portal at www.adrigizmo.com for detailed information regarding Game & Challenge.
Adrigizmo Services,What is Adrigizmo? (QID-982),Please visit our official portal at www.adrigizmo.com for detailed information regarding Adrigizmo Services.
Game & Challenge,How to play? (QID-983),Please visit our official portal at www.adrigizmo.com for detailed information regarding Game & Challenge.
Adrigizmo Services,About M.T. Manukumar? (QID-984),Please visit our official portal at www.adrigizmo.com for detailed information regarding Adrigizmo Services.
Adrigizmo Services,Corporate training? (QID-985),Please visit our official portal at www.adrigizmo.com for detailed information regarding Adrigizmo Services.
Game & Challenge,3D Escape Room Challenge? (QID-986),Please visit our official portal at www.adrigizmo.com for detailed information regarding Game & Challenge.
Adrigizmo Services,About M.T. Manukumar? (QID-987),Please visit our official portal at www.adrigizmo.com for detailed information regarding Adrigizmo Services.
Free Courses,Course assessment process? (QID-988),"All courses on Alison via ADRIGIZMO are 100% free to learn. You can access 6,000+ courses, modules, and quizzes without upfront costs. Certificates are optional for a small fee."
ATS Resume Builder,Custom templates? (QID-989),Our ATS Resume Builder is 100% free. It is designed to pass Applicant Tracking Systems. Your data stays in your browser and is not stored on our servers.
Game & Challenge,3D Escape Room Challenge? (QID-990),Please visit our official portal at www.adrigizmo.com for detailed information regarding Game & Challenge.
ATS Resume Builder,Custom templates? (QID-991),Our ATS Resume Builder is 100% free. It is designed to pass Applicant Tracking Systems. Your data stays in your browser and is not stored on our servers.
Game & Challenge,How to play? (QID-992),Please visit our official portal at www.adrigizmo.com for detailed information regarding Game & Challenge.
ATS Resume Builder,Privacy of data? (QID-993),Our ATS Resume Builder is 100% free. It is designed to pass Applicant Tracking Systems. Your data stays in your browser and is not stored on our servers.
Career Guidance,Upskilling importance? (QID-994),Continuous upskilling is essential in 2026. Practical skills and accredited certificates often outweigh traditional degrees. Start your upskilling journey with our free accredited tracks.
Adrigizmo Services,What is Adrigizmo? (QID-995),Please visit our official portal at www.adrigizmo.com for detailed information regarding Adrigizmo Services.
Adrigizmo Services,What is Adrigizmo? (QID-996),Please visit our official portal at www.adrigizmo.com for detailed information regarding Adrigizmo Services.
ATS Resume Builder,How to build a resume? (QID-997),Our ATS Resume Builder is 100% free. It is designed to pass Applicant Tracking Systems. Your data stays in your browser and is not stored on our servers.
Adrigizmo Services,Corporate training? (QID-998),Please visit our official portal at www.adrigizmo.com for detailed information regarding Adrigizmo Services.
Free Courses,Duration of courses? (QID-999),"All courses on Alison via ADRIGIZMO are 100% free to learn. You can access 6,000+ courses, modules, and quizzes without upfront costs. Certificates are optional for a small fee."
Adrigizmo Services,Corporate training? (QID-1000),Please visit our official portal at www.adrigizmo.com for detailed information regarding Adrigizmo Services.
Career Guidance,Upskilling importance? (QID-1001),Continuous upskilling is essential in 2026. Practical skills and accredited certificates often outweigh traditional degrees. Start your upskilling journey with our free accredited tracks.
Adrigizmo Services,Corporate training? (QID-1002),Please visit our official portal at www.adrigizmo.com for detailed information regarding Adrigizmo Services.
Career Guidance,Importance of practical skills? (QID-1003),Continuous upskilling is essential in 2026. Practical skills and accredited certificates often outweigh traditional degrees. Start your upskilling journey with our free accredited tracks.
Game & Challenge,How to play? (QID-1004),Please visit our official portal at www.adrigizmo.com for detailed information regarding Game & Challenge.
Adrigizmo Services,Corporate training? (QID-1005),Please visit our official portal at www.adrigizmo.com for detailed information regarding Adrigizmo Services.
Free Courses,Accredited certificates? (QID-1006),"All courses on Alison via ADRIGIZMO are 100% free to learn. You can access 6,000+ courses, modules, and quizzes without upfront costs. Certificates are optional for a small fee."
Adrigizmo Services,Corporate training? (QID-1007),Please visit our official portal at www.adrigizmo.com for detailed information regarding Adrigizmo Services.
Career Guidance,Is university degree enough?? (QID-1008),Continuous upskilling is essential in 2026. Practical skills and accredited certificates often outweigh traditional degrees. Start your upskilling journey with our free accredited tracks.
Game & Challenge,3D Escape Room Challenge? (QID-1009),Please visit our official portal at www.adrigizmo.com for detailed information regarding Game & Challenge.
Adrigizmo Services,Contact details? (QID-1010),Please visit our official portal at www.adrigizmo.com for detailed information regarding Adrigizmo Services.
Career Guidance,Upskilling importance? (QID-1011),Continuous upskilling is essential in 2026. Practical skills and accredited certificates often outweigh traditional degrees. Start your upskilling journey with our free accredited tracks.
Free Courses,Alison free courses? (QID-1012),"All courses on Alison via ADRIGIZMO are 100% free to learn. You can access 6,000+ courses, modules, and quizzes without upfront costs. Certificates are optional for a small fee."
Game & Challenge,How to play? (QID-1013),Please visit our official portal at www.adrigizmo.com for detailed information regarding Game & Challenge.
Free Courses,How to register for free? (QID-1014),"All courses on Alison via ADRIGIZMO are 100% free to learn. You can access 6,000+ courses, modules, and quizzes without upfront costs. Certificates are optional for a small fee."
ATS Resume Builder,Is it free? (QID-1015),Our ATS Resume Builder is 100% free. It is designed to pass Applicant Tracking Systems. Your data stays in your browser and is not stored on our servers.
ATS Resume Builder,Custom templates? (QID-1016),Our ATS Resume Builder is 100% free. It is designed to pass Applicant Tracking Systems. Your data stays in your browser and is not stored on our servers.
Game & Challenge,How to play? (QID-1017),Please visit our official portal at www.adrigizmo.com for detailed information regarding Game & Challenge.
Game & Challenge,3D Escape Room Challenge? (QID-1018),Please visit our official portal at www.adrigizmo.com for detailed information regarding Game & Challenge.
ATS Resume Builder,Custom templates? (QID-1019),Our ATS Resume Builder is 100% free. It is designed to pass Applicant Tracking Systems. Your data stays in your browser and is not stored on our servers.
Free Courses,Alison free courses? (QID-1020),"All courses on Alison via ADRIGIZMO are 100% free to learn. You can access 6,000+ courses, modules, and quizzes without upfront costs. Certificates are optional for a small fee."
Career Guidance,Importance of practical skills? (QID-1021),Continuous upskilling is essential in 2026. Practical skills and accredited certificates often outweigh traditional degrees. Start your upskilling journey with our free accredited tracks.
Game & Challenge,Field selection? (QID-1022),Please visit our official portal at www.adrigizmo.com for detailed information regarding Game & Challenge.
Free Courses,Alison free courses? (QID-1023),"All courses on Alison via ADRIGIZMO are 100% free to learn. You can access 6,000+ courses, modules, and quizzes without upfront costs. Certificates are optional for a small fee."
Career Guidance,Importance of practical skills? (QID-1024),Continuous upskilling is essential in 2026. Practical skills and accredited certificates often outweigh traditional degrees. Start your upskilling journey with our free accredited tracks.
Adrigizmo Services,About M.T. Manukumar? (QID-1025),Please visit our official portal at www.adrigizmo.com for detailed information regarding Adrigizmo Services.
Career Guidance,Importance of practical skills? (QID-1026),Continuous upskilling is essential in 2026. Practical skills and accredited certificates often outweigh traditional degrees. Start your upskilling journey with our free accredited tracks.
Adrigizmo Services,WhatsApp support? (QID-1027),Please visit our official portal at www.adrigizmo.com for detailed information regarding Adrigizmo Services.
Free Courses,Accredited certificates? (QID-1028),"All courses on Alison via ADRIGIZMO are 100% free to learn. You can access 6,000+ courses, modules, and quizzes without upfront costs. Certificates are optional for a small fee."
Career Guidance,Is university degree enough?? (QID-1029),Continuous upskilling is essential in 2026. Practical skills and accredited certificates often outweigh traditional degrees. Start your upskilling journey with our free accredited tracks.
Adrigizmo Services,Corporate training? (QID-1030),Please visit our official portal at www.adrigizmo.com for detailed information regarding Adrigizmo Services.
Game & Challenge,Field selection? (QID-1031),Please visit our official portal at www.adrigizmo.com for detailed information regarding Game & Challenge.
Free Courses,Course assessment process? (QID-1032),"All courses on Alison via ADRIGIZMO are 100% free to learn. You can access 6,000+ courses, modules, and quizzes without upfront costs. Certificates are optional for a small fee."
Career Guidance,Importance of practical skills? (QID-1033),Continuous upskilling is essential in 2026. Practical skills and accredited certificates often outweigh traditional degrees. Start your upskilling journey with our free accredited tracks.
Game & Challenge,How to play? (QID-1034),Please visit our official portal at www.adrigizmo.com for detailed information regarding Game & Challenge.
Free Courses,Accredited certificates? (QID-1035),"All courses on Alison via ADRIGIZMO are 100% free to learn. You can access 6,000+ courses, modules, and quizzes without upfront costs. Certificates are optional for a small fee."
ATS Resume Builder,Is it free? (QID-1036),Our ATS Resume Builder is 100% free. It is designed to pass Applicant Tracking Systems. Your data stays in your browser and is not stored on our servers.
Career Guidance,Is university degree enough?? (QID-1037),Continuous upskilling is essential in 2026. Practical skills and accredited certificates often outweigh traditional degrees. Start your upskilling journey with our free accredited tracks.
ATS Resume Builder,Privacy of data? (QID-1038),Our ATS Resume Builder is 100% free. It is designed to pass Applicant Tracking Systems. Your data stays in your browser and is not stored on our servers.
Career Guidance,Upskilling importance? (QID-1039),Continuous upskilling is essential in 2026. Practical skills and accredited certificates often outweigh traditional degrees. Start your upskilling journey with our free accredited tracks.
Free Courses,Accredited certificates? (QID-1040),"All courses on Alison via ADRIGIZMO are 100% free to learn. You can access 6,000+ courses, modules, and quizzes without upfront costs. Certificates are optional for a small fee."
Adrigizmo Services,About M.T. Manukumar? (QID-1041),Please visit our official portal at www.adrigizmo.com for detailed information regarding Adrigizmo Services.
Adrigizmo Services,Corporate training? (QID-1042),Please visit our official portal at www.adrigizmo.com for detailed information regarding Adrigizmo Services.
Adrigizmo Services,Corporate training? (QID-1043),Please visit our official portal at www.adrigizmo.com for detailed information regarding Adrigizmo Services.
Career Guidance,Is university degree enough?? (QID-1044),Continuous upskilling is essential in 2026. Practical skills and accredited certificates often outweigh traditional degrees. Start your upskilling journey with our free accredited tracks.
Adrigizmo Services,About M.T. Manukumar? (QID-1045),Please visit our official portal at www.adrigizmo.com for detailed information regarding Adrigizmo Services.
Career Guidance,Importance of practical skills? (QID-1046),Continuous upskilling is essential in 2026. Practical skills and accredited certificates often outweigh traditional degrees. Start your upskilling journey with our free accredited tracks.
ATS Resume Builder,Custom templates? (QID-1047),Our ATS Resume Builder is 100% free. It is designed to pass Applicant Tracking Systems. Your data stays in your browser and is not stored on our servers.
Adrigizmo Services,Contact details? (QID-1048),Please visit our official portal at www.adrigizmo.com for detailed information regarding Adrigizmo Services.
Career Guidance,Upskilling importance? (QID-1049),Continuous upskilling is essential in 2026. Practical skills and accredited certificates often outweigh traditional degrees. Start your upskilling journey with our free accredited tracks.
ATS Resume Builder,What is ATS resume? (QID-1050),Our ATS Resume Builder is 100% free. It is designed to pass Applicant Tracking Systems. Your data stays in your browser and is not stored on our servers.
Free Courses,Duration of courses? (QID-1051),"All courses on Alison via ADRIGIZMO are 100% free to learn. You can access 6,000+ courses, modules, and quizzes without upfront costs. Certificates are optional for a small fee."
ATS Resume Builder,What is ATS resume? (QID-1052),Our ATS Resume Builder is 100% free. It is designed to pass Applicant Tracking Systems. Your data stays in your browser and is not stored on our servers.
ATS Resume Builder,What is ATS resume? (QID-1053),Our ATS Resume Builder is 100% free. It is designed to pass Applicant Tracking Systems. Your data stays in your browser and is not stored on our servers.
Game & Challenge,3D Escape Room Challenge? (QID-1054),Please visit our official portal at www.adrigizmo.com for detailed information regarding Game & Challenge.
ATS Resume Builder,Is it free? (QID-1055),Our ATS Resume Builder is 100% free. It is designed to pass Applicant Tracking Systems. Your data stays in your browser and is not stored on our servers.
ATS Resume Builder,Is it free? (QID-1056),Our ATS Resume Builder is 100% free. It is designed to pass Applicant Tracking Systems. Your data stays in your browser and is not stored on our servers.
ATS Resume Builder,Is it free? (QID-1057),Our ATS Resume Builder is 100% free. It is designed to pass Applicant Tracking Systems. Your data stays in your browser and is not stored on our servers.
ATS Resume Builder,Custom templates? (QID-1058),Our ATS Resume Builder is 100% free. It is designed to pass Applicant Tracking Systems. Your data stays in your browser and is not stored on our servers.
ATS Resume Builder,How to build a resume? (QID-1059),Our ATS Resume Builder is 100% free. It is designed to pass Applicant Tracking Systems. Your data stays in your browser and is not stored on our servers.
Career Guidance,Importance of practical skills? (QID-1060),Continuous upskilling is essential in 2026. Practical skills and accredited certificates often outweigh traditional degrees. Start your upskilling journey with our free accredited tracks.
Free Courses,Alison free courses? (QID-1061),"All courses on Alison via ADRIGIZMO are 100% free to learn. You can access 6,000+ courses, modules, and quizzes without upfront costs. Certificates are optional for a small fee."
Adrigizmo Services,Corporate training? (QID-1062),Please visit our official portal at www.adrigizmo.com for detailed information regarding Adrigizmo Services.
Free Courses,Accredited certificates? (QID-1063),"All courses on Alison via ADRIGIZMO are 100% free to learn. You can access 6,000+ courses, modules, and quizzes without upfront costs. Certificates are optional for a small fee."
Free Courses,Course assessment process? (QID-1064),"All courses on Alison via ADRIGIZMO are 100% free to learn. You can access 6,000+ courses, modules, and quizzes without upfront costs. Certificates are optional for a small fee."
Adrigizmo Services,Contact details? (QID-1065),Please visit our official portal at www.adrigizmo.com for detailed information regarding Adrigizmo Services.
ATS Resume Builder,What is ATS resume? (QID-1066),Our ATS Resume Builder is 100% free. It is designed to pass Applicant Tracking Systems. Your data stays in your browser and is not stored on our servers.
Adrigizmo Services,Contact details? (QID-1067),Please visit our official portal at www.adrigizmo.com for detailed information regarding Adrigizmo Services.
ATS Resume Builder,Custom templates? (QID-1068),Our ATS Resume Builder is 100% free. It is designed to pass Applicant Tracking Systems. Your data stays in your browser and is not stored on our servers.
Game & Challenge,How to play? (QID-1069),Please visit our official portal at www.adrigizmo.com for detailed information regarding Game & Challenge.
Career Guidance,Is university degree enough?? (QID-1070),Continuous upskilling is essential in 2026. Practical skills and accredited certificates often outweigh traditional degrees. Start your upskilling journey with our free accredited tracks.
ATS Resume Builder,How to build a resume? (QID-1071),Our ATS Resume Builder is 100% free. It is designed to pass Applicant Tracking Systems. Your data stays in your browser and is not stored on our servers.
Career Guidance,Career growth in 2026? (QID-1072),Continuous upskilling is essential in 2026. Practical skills and accredited certificates often outweigh traditional degrees. Start your upskilling journey with our free accredited tracks.
Career Guidance,Career growth in 2026? (QID-1073),Continuous upskilling is essential in 2026. Practical skills and accredited certificates often outweigh traditional degrees. Start your upskilling journey with our free accredited tracks.
ATS Resume Builder,What is ATS resume? (QID-1074),Our ATS Resume Builder is 100% free. It is designed to pass Applicant Tracking Systems. Your data stays in your browser and is not stored on our servers.
Adrigizmo Services,Corporate training? (QID-1075),Please visit our official portal at www.adrigizmo.com for detailed information regarding Adrigizmo Services.
Career Guidance,How to choose a career? (QID-1076),Continuous upskilling is essential in 2026. Practical skills and accredited certificates often outweigh traditional degrees. Start your upskilling journey with our free accredited tracks.
ATS Resume Builder,What is ATS resume? (QID-1077),Our ATS Resume Builder is 100% free. It is designed to pass Applicant Tracking Systems. Your data stays in your browser and is not stored on our servers.
ATS Resume Builder,Is it free? (QID-1078),Our ATS Resume Builder is 100% free. It is designed to pass Applicant Tracking Systems. Your data stays in your browser and is not stored on our servers.
Game & Challenge,3D Escape Room Challenge? (QID-1079),Please visit our official portal at www.adrigizmo.com for detailed information regarding Game & Challenge.
Game & Challenge,3D Escape Room Challenge? (QID-1080),Please visit our official portal at www.adrigizmo.com for detailed information regarding Game & Challenge.
Free Courses,Course assessment process? (QID-1081),"All courses on Alison via ADRIGIZMO are 100% free to learn. You can access 6,000+ courses, modules, and quizzes without upfront costs. Certificates are optional for a small fee."
Career Guidance,Career growth in 2026? (QID-1082),Continuous upskilling is essential in 2026. Practical skills and accredited certificates often outweigh traditional degrees. Start your upskilling journey with our free accredited tracks.
Free Courses,How to register for free? (QID-1083),"All courses on Alison via ADRIGIZMO are 100% free to learn. You can access 6,000+ courses, modules, and quizzes without upfront costs. Certificates are optional for a small fee."
Adrigizmo Services,What is Adrigizmo? (QID-1084),Please visit our official portal at www.adrigizmo.com for detailed information regarding Adrigizmo Services.
Free Courses,How to register for free? (QID-1085),"All courses on Alison via ADRIGIZMO are 100% free to learn. You can access 6,000+ courses, modules, and quizzes without upfront costs. Certificates are optional for a small fee."
Adrigizmo Services,About M.T. Manukumar? (QID-1086),Please visit our official portal at www.adrigizmo.com for detailed information regarding Adrigizmo Services.
Adrigizmo Services,Contact details? (QID-1087),Please visit our official portal at www.adrigizmo.com for detailed information regarding Adrigizmo Services.
Free Courses,Course assessment process? (QID-1088),"All courses on Alison via ADRIGIZMO are 100% free to learn. You can access 6,000+ courses, modules, and quizzes without upfront costs. Certificates are optional for a small fee."
ATS Resume Builder,Is it free? (QID-1089),Our ATS Resume Builder is 100% free. It is designed to pass Applicant Tracking Systems. Your data stays in your browser and is not stored on our servers.
Career Guidance,Upskilling importance? (QID-1090),Continuous upskilling is essential in 2026. Practical skills and accredited certificates often outweigh traditional degrees. Start your upskilling journey with our free accredited tracks.
ATS Resume Builder,Privacy of data? (QID-1091),Our ATS Resume Builder is 100% free. It is designed to pass Applicant Tracking Systems. Your data stays in your browser and is not stored on our servers.
Adrigizmo Services,About M.T. Manukumar? (QID-1092),Please visit our official portal at www.adrigizmo.com for detailed information regarding Adrigizmo Services.
Career Guidance,Career growth in 2026? (QID-1093),Continuous upskilling is essential in 2026. Practical skills and accredited certificates often outweigh traditional degrees. Start your upskilling journey with our free accredited tracks.
ATS Resume Builder,Privacy of data? (QID-1094),Our ATS Resume Builder is 100% free. It is designed to pass Applicant Tracking Systems. Your data stays in your browser and is not stored on our servers.
Free Courses,Alison free courses? (QID-1095),"All courses on Alison via ADRIGIZMO are 100% free to learn. You can access 6,000+ courses, modules, and quizzes without upfront costs. Certificates are optional for a small fee."
ATS Resume Builder,Privacy of data? (QID-1096),Our ATS Resume Builder is 100% free. It is designed to pass Applicant Tracking Systems. Your data stays in your browser and is not stored on our servers.
Career Guidance,Career growth in 2026? (QID-1097),Continuous upskilling is essential in 2026. Practical skills and accredited certificates often outweigh traditional degrees. Start your upskilling journey with our free accredited tracks.
Game & Challenge,How to play? (QID-1098),Please visit our official portal at www.adrigizmo.com for detailed information regarding Game & Challenge.
Game & Challenge,How to play? (QID-1099),Please visit our official portal at www.adrigizmo.com for detailed information regarding Game & Challenge.
Career Guidance,Upskilling importance? (QID-1100),Continuous upskilling is essential in 2026. Practical skills and accredited certificates often outweigh traditional degrees. Start your upskilling journey with our free accredited tracks.
Career Guidance,Importance of practical skills? (QID-1101),Continuous upskilling is essential in 2026. Practical skills and accredited certificates often outweigh traditional degrees. Start your upskilling journey with our free accredited tracks.
Adrigizmo Services,Contact details? (QID-1102),Please visit our official portal at www.adrigizmo.com for detailed information regarding Adrigizmo Services.
Adrigizmo Services,What is Adrigizmo? (QID-1103),Please visit our official portal at www.adrigizmo.com for detailed information regarding Adrigizmo Services.
Free Courses,Accredited certificates? (QID-1104),"All courses on Alison via ADRIGIZMO are 100% free to learn. You can access 6,000+ courses, modules, and quizzes without upfront costs. Certificates are optional for a small fee."
ATS Resume Builder,Custom templates? (QID-1105),Our ATS Resume Builder is 100% free. It is designed to pass Applicant Tracking Systems. Your data stays in your browser and is not stored on our servers.
Career Guidance,How to choose a career? (QID-1106),Continuous upskilling is essential in 2026. Practical skills and accredited certificates often outweigh traditional degrees. Start your upskilling journey with our free accredited tracks.
Game & Challenge,Purpose of game? (QID-1107),Please visit our official portal at www.adrigizmo.com for detailed information regarding Game & Challenge.
Career Guidance,Importance of practical skills? (QID-1108),Continuous upskilling is essential in 2026. Practical skills and accredited certificates often outweigh traditional degrees. Start your upskilling journey with our free accredited tracks.
Free Courses,Course assessment process? (QID-1109),"All courses on Alison via ADRIGIZMO are 100% free to learn. You can access 6,000+ courses, modules, and quizzes without upfront costs. Certificates are optional for a small fee."
Career Guidance,Upskilling importance? (QID-1110),Continuous upskilling is essential in 2026. Practical skills and accredited certificates often outweigh traditional degrees. Start your upskilling journey with our free accredited tracks.
Adrigizmo Services,What is Adrigizmo? (QID-1111),Please visit our official portal at www.adrigizmo.com for detailed information regarding Adrigizmo Services.
Career Guidance,Career growth in 2026? (QID-1112),Continuous upskilling is essential in 2026. Practical skills and accredited certificates often outweigh traditional degrees. Start your upskilling journey with our free accredited tracks.
Free Courses,Accredited certificates? (QID-1113),"All courses on Alison via ADRIGIZMO are 100% free to learn. You can access 6,000+ courses, modules, and quizzes without upfront costs. Certificates are optional for a small fee."
ATS Resume Builder,What is ATS resume? (QID-1114),Our ATS Resume Builder is 100% free. It is designed to pass Applicant Tracking Systems. Your data stays in your browser and is not stored on our servers.
Game & Challenge,Purpose of game? (QID-1115),Please visit our official portal at www.adrigizmo.com for detailed information regarding Game & Challenge.
Free Courses,Accredited certificates? (QID-1116),"All courses on Alison via ADRIGIZMO are 100% free to learn. You can access 6,000+ courses, modules, and quizzes without upfront costs. Certificates are optional for a small fee."
Game & Challenge,Field selection? (QID-1117),Please visit our official portal at www.adrigizmo.com for detailed information regarding Game & Challenge.
Free Courses,Duration of courses? (QID-1118),"All courses on Alison via ADRIGIZMO are 100% free to learn. You can access 6,000+ courses, modules, and quizzes without upfront costs. Certificates are optional for a small fee."
Career Guidance,Career growth in 2026? (QID-1119),Continuous upskilling is essential in 2026. Practical skills and accredited certificates often outweigh traditional degrees. Start your upskilling journey with our free accredited tracks.
ATS Resume Builder,How to build a resume? (QID-1120),Our ATS Resume Builder is 100% free. It is designed to pass Applicant Tracking Systems. Your data stays in your browser and is not stored on our servers.
Career Guidance,Upskilling importance? (QID-1121),Continuous upskilling is essential in 2026. Practical skills and accredited certificates often outweigh traditional degrees. Start your upskilling journey with our free accredited tracks.
Career Guidance,Upskilling importance? (QID-1122),Continuous upskilling is essential in 2026. Practical skills and accredited certificates often outweigh traditional degrees. Start your upskilling journey with our free accredited tracks.
Adrigizmo Services,Contact details? (QID-1123),Please visit our official portal at www.adrigizmo.com for detailed information regarding Adrigizmo Services.
ATS Resume Builder,Is it free? (QID-1124),Our ATS Resume Builder is 100% free. It is designed to pass Applicant Tracking Systems. Your data stays in your browser and is not stored on our servers.
Game & Challenge,How to play? (QID-1125),Please visit our official portal at www.adrigizmo.com for detailed information regarding Game & Challenge.
Adrigizmo Services,What is Adrigizmo? (QID-1126),Please visit our official portal at www.adrigizmo.com for detailed information regarding Adrigizmo Services.
Adrigizmo Services,What is Adrigizmo? (QID-1127),Please visit our official portal at www.adrigizmo.com for detailed information regarding Adrigizmo Services.
Free Courses,Alison free courses? (QID-1128),"All courses on Alison via ADRIGIZMO are 100% free to learn. You can access 6,000+ courses, modules, and quizzes without upfront costs. Certificates are optional for a small fee."
ATS Resume Builder,What is ATS resume? (QID-1129),Our ATS Resume Builder is 100% free. It is designed to pass Applicant Tracking Systems. Your data stays in your browser and is not stored on our servers.
Game & Challenge,Field selection? (QID-1130),Please visit our official portal at www.adrigizmo.com for detailed information regarding Game & Challenge.
ATS Resume Builder,Custom templates? (QID-1131),Our ATS Resume Builder is 100% free. It is designed to pass Applicant Tracking Systems. Your data stays in your browser and is not stored on our servers.
Adrigizmo Services,WhatsApp support? (QID-1132),Please visit our official portal at www.adrigizmo.com for detailed information regarding Adrigizmo Services.
Game & Challenge,Purpose of game? (QID-1133),Please visit our official portal at www.adrigizmo.com for detailed information regarding Game & Challenge.
Free Courses,Duration of courses? (QID-1134),"All courses on Alison via ADRIGIZMO are 100% free to learn. You can access 6,000+ courses, modules, and quizzes without upfront costs. Certificates are optional for a small fee."
ATS Resume Builder,What is ATS resume? (QID-1135),Our ATS Resume Builder is 100% free. It is designed to pass Applicant Tracking Systems. Your data stays in your browser and is not stored on our servers.
Free Courses,Accredited certificates? (QID-1136),"All courses on Alison via ADRIGIZMO are 100% free to learn. You can access 6,000+ courses, modules, and quizzes without upfront costs. Certificates are optional for a small fee."
Game & Challenge,Field selection? (QID-1137),Please visit our official portal at www.adrigizmo.com for detailed information regarding Game & Challenge.
Game & Challenge,Field selection? (QID-1138),Please visit our official portal at www.adrigizmo.com for detailed information regarding Game & Challenge.
Adrigizmo Services,Corporate training? (QID-1139),Please visit our official portal at www.adrigizmo.com for detailed information regarding Adrigizmo Services.
Game & Challenge,How to play? (QID-1140),Please visit our official portal at www.adrigizmo.com for detailed information regarding Game & Challenge.
ATS Resume Builder,What is ATS resume? (QID-1141),Our ATS Resume Builder is 100% free. It is designed to pass Applicant Tracking Systems. Your data stays in your browser and is not stored on our servers.
ATS Resume Builder,How to build a resume? (QID-1142),Our ATS Resume Builder is 100% free. It is designed to pass Applicant Tracking Systems. Your data stays in your browser and is not stored on our servers.
ATS Resume Builder,Is it free? (QID-1143),Our ATS Resume Builder is 100% free. It is designed to pass Applicant Tracking Systems. Your data stays in your browser and is not stored on our servers.
ATS Resume Builder,How to build a resume? (QID-1144),Our ATS Resume Builder is 100% free. It is designed to pass Applicant Tracking Systems. Your data stays in your browser and is not stored on our servers.
ATS Resume Builder,Is it free? (QID-1145),Our ATS Resume Builder is 100% free. It is designed to pass Applicant Tracking Systems. Your data stays in your browser and is not stored on our servers.
Career Guidance,Is university degree enough?? (QID-1146),Continuous upskilling is essential in 2026. Practical skills and accredited certificates often outweigh traditional degrees. Start your upskilling journey with our free accredited tracks.
Career Guidance,Upskilling importance? (QID-1147),Continuous upskilling is essential in 2026. Practical skills and accredited certificates often outweigh traditional degrees. Start your upskilling journey with our free accredited tracks.
ATS Resume Builder,How to build a resume? (QID-1148),Our ATS Resume Builder is 100% free. It is designed to pass Applicant Tracking Systems. Your data stays in your browser and is not stored on our servers.
Adrigizmo Services,What is Adrigizmo? (QID-1149),Please visit our official portal at www.adrigizmo.com for detailed information regarding Adrigizmo Services.
Free Courses,Duration of courses? (QID-1150),"All courses on Alison via ADRIGIZMO are 100% free to learn. You can access 6,000+ courses, modules, and quizzes without upfront costs. Certificates are optional for a small fee."
Game & Challenge,Field selection? (QID-1151),Please visit our official portal at www.adrigizmo.com for detailed information regarding Game & Challenge.
Free Courses,Duration of courses? (QID-1152),"All courses on Alison via ADRIGIZMO are 100% free to learn. You can access 6,000+ courses, modules, and quizzes without upfront costs. Certificates are optional for a small fee."
Free Courses,How to register for free? (QID-1153),"All courses on Alison via ADRIGIZMO are 100% free to learn. You can access 6,000+ courses, modules, and quizzes without upfront costs. Certificates are optional for a small fee."
Adrigizmo Services,What is Adrigizmo? (QID-1154),Please visit our official portal at www.adrigizmo.com for detailed information regarding Adrigizmo Services.
Career Guidance,Upskilling importance? (QID-1155),Continuous upskilling is essential in 2026. Practical skills and accredited certificates often outweigh traditional degrees. Start your upskilling journey with our free accredited tracks.
Adrigizmo Services,About M.T. Manukumar? (QID-1156),Please visit our official portal at www.adrigizmo.com for detailed information regarding Adrigizmo Services.
Free Courses,Accredited certificates? (QID-1157),"All courses on Alison via ADRIGIZMO are 100% free to learn. You can access 6,000+ courses, modules, and quizzes without upfront costs. Certificates are optional for a small fee."
Game & Challenge,Purpose of game? (QID-1158),Please visit our official portal at www.adrigizmo.com for detailed information regarding Game & Challenge.
ATS Resume Builder,What is ATS resume? (QID-1159),Our ATS Resume Builder is 100% free. It is designed to pass Applicant Tracking Systems. Your data stays in your browser and is not stored on our servers.
Game & Challenge,How to play? (QID-1160),Please visit our official portal at www.adrigizmo.com for detailed information regarding Game & Challenge.
Free Courses,Duration of courses? (QID-1161),"All courses on Alison via ADRIGIZMO are 100% free to learn. You can access 6,000+ courses, modules, and quizzes without upfront costs. Certificates are optional for a small fee."
Adrigizmo Services,What is Adrigizmo? (QID-1162),Please visit our official portal at www.adrigizmo.com for detailed information regarding Adrigizmo Services.
Career Guidance,Importance of practical skills? (QID-1163),Continuous upskilling is essential in 2026. Practical skills and accredited certificates often outweigh traditional degrees. Start your upskilling journey with our free accredited tracks.
ATS Resume Builder,Is it free? (QID-1164),Our ATS Resume Builder is 100% free. It is designed to pass Applicant Tracking Systems. Your data stays in your browser and is not stored on our servers.
Adrigizmo Services,What is Adrigizmo? (QID-1165),Please visit our official portal at www.adrigizmo.com for detailed information regarding Adrigizmo Services.
Career Guidance,Upskilling importance? (QID-1166),Continuous upskilling is essential in 2026. Practical skills and accredited certificates often outweigh traditional degrees. Start your upskilling journey with our free accredited tracks.
Adrigizmo Services,About M.T. Manukumar? (QID-1167),Please visit our official portal at www.adrigizmo.com for detailed information regarding Adrigizmo Services.
Adrigizmo Services,Corporate training? (QID-1168),Please visit our official portal at www.adrigizmo.com for detailed information regarding Adrigizmo Services.
Free Courses,Course assessment process? (QID-1169),"All courses on Alison via ADRIGIZMO are 100% free to learn. You can access 6,000+ courses, modules, and quizzes without upfront costs. Certificates are optional for a small fee."
Free Courses,How to register for free? (QID-1170),"All courses on Alison via ADRIGIZMO are 100% free to learn. You can access 6,000+ courses, modules, and quizzes without upfront costs. Certificates are optional for a small fee."
Game & Challenge,How to play? (QID-1171),Please visit our official portal at www.adrigizmo.com for detailed information regarding Game & Challenge.
Free Courses,Duration of courses? (QID-1172),"All courses on Alison via ADRIGIZMO are 100% free to learn. You can access 6,000+ courses, modules, and quizzes without upfront costs. Certificates are optional for a small fee."
Free Courses,Course assessment process? (QID-1173),"All courses on Alison via ADRIGIZMO are 100% free to learn. You can access 6,000+ courses, modules, and quizzes without upfront costs. Certificates are optional for a small fee."
Career Guidance,Upskilling importance? (QID-1174),Continuous upskilling is essential in 2026. Practical skills and accredited certificates often outweigh traditional degrees. Start your upskilling journey with our free accredited tracks.
Adrigizmo Services,Contact details? (QID-1175),Please visit our official portal at www.adrigizmo.com for detailed information regarding Adrigizmo Services.
Adrigizmo Services,WhatsApp support? (QID-1176),Please visit our official portal at www.adrigizmo.com for detailed information regarding Adrigizmo Services.
Adrigizmo Services,Contact details? (QID-1177),Please visit our official portal at www.adrigizmo.com for detailed information regarding Adrigizmo Services.
Adrigizmo Services,WhatsApp support? (QID-1178),Please visit our official portal at www.adrigizmo.com for detailed information regarding Adrigizmo Services.
Free Courses,How to register for free? (QID-1179),"All courses on Alison via ADRIGIZMO are 100% free to learn. You can access 6,000+ courses, modules, and quizzes without upfront costs. Certificates are optional for a small fee."
ATS Resume Builder,Is it free? (QID-1180),Our ATS Resume Builder is 100% free. It is designed to pass Applicant Tracking Systems. Your data stays in your browser and is not stored on our servers.
Adrigizmo Services,WhatsApp support? (QID-1181),Please visit our official portal at www.adrigizmo.com for detailed information regarding Adrigizmo Services.
Game & Challenge,How to play? (QID-1182),Please visit our official portal at www.adrigizmo.com for detailed information regarding Game & Challenge.
Career Guidance,Importance of practical skills? (QID-1183),Continuous upskilling is essential in 2026. Practical skills and accredited certificates often outweigh traditional degrees. Start your upskilling journey with our free accredited tracks.
ATS Resume Builder,Custom templates? (QID-1184),Our ATS Resume Builder is 100% free. It is designed to pass Applicant Tracking Systems. Your data stays in your browser and is not stored on our servers.
Adrigizmo Services,Corporate training? (QID-1185),Please visit our official portal at www.adrigizmo.com for detailed information regarding Adrigizmo Services.
Career Guidance,Career growth in 2026? (QID-1186),Continuous upskilling is essential in 2026. Practical skills and accredited certificates often outweigh traditional degrees. Start your upskilling journey with our free accredited tracks.
Career Guidance,How to choose a career? (QID-1187),Continuous upskilling is essential in 2026. Practical skills and accredited certificates often outweigh traditional degrees. Start your upskilling journey with our free accredited tracks.
Career Guidance,Upskilling importance? (QID-1188),Continuous upskilling is essential in 2026. Practical skills and accredited certificates often outweigh traditional degrees. Start your upskilling journey with our free accredited tracks.
Career Guidance,Upskilling importance? (QID-1189),Continuous upskilling is essential in 2026. Practical skills and accredited certificates often outweigh traditional degrees. Start your upskilling journey with our free accredited tracks.
Career Guidance,Upskilling importance? (QID-1190),Continuous upskilling is essential in 2026. Practical skills and accredited certificates often outweigh traditional degrees. Start your upskilling journey with our free accredited tracks.
Game & Challenge,Purpose of game? (QID-1191),Please visit our official portal at www.adrigizmo.com for detailed information regarding Game & Challenge.
Free Courses,How to register for free? (QID-1192),"All courses on Alison via ADRIGIZMO are 100% free to learn. You can access 6,000+ courses, modules, and quizzes without upfront costs. Certificates are optional for a small fee."
Game & Challenge,Field selection? (QID-1193),Please visit our official portal at www.adrigizmo.com for detailed information regarding Game & Challenge.
Career Guidance,Career growth in 2026? (QID-1194),Continuous upskilling is essential in 2026. Practical skills and accredited certificates often outweigh traditional degrees. Start your upskilling journey with our free accredited tracks.
Free Courses,How to register for free? (QID-1195),"All courses on Alison via ADRIGIZMO are 100% free to learn. You can access 6,000+ courses, modules, and quizzes without upfront costs. Certificates are optional for a small fee."
Free Courses,Alison free courses? (QID-1196),"All courses on Alison via ADRIGIZMO are 100% free to learn. You can access 6,000+ courses, modules, and quizzes without upfront costs. Certificates are optional for a small fee."
Career Guidance,Importance of practical skills? (QID-1197),Continuous upskilling is essential in 2026. Practical skills and accredited certificates often outweigh traditional degrees. Start your upskilling journey with our free accredited tracks.
Free Courses,Duration of courses? (QID-1198),"All courses on Alison via ADRIGIZMO are 100% free to learn. You can access 6,000+ courses, modules, and quizzes without upfront costs. Certificates are optional for a small fee."
Career Guidance,Upskilling importance? (QID-1199),Continuous upskilling is essential in 2026. Practical skills and accredited certificates often outweigh traditional degrees. Start your upskilling journey with our free accredited tracks.
Free Courses,Accredited certificates? (QID-1200),"All courses on Alison via ADRIGIZMO are 100% free to learn. You can access 6,000+ courses, modules, and quizzes without upfront costs. Certificates are optional for a small fee."
Free Courses,Course assessment process? (QID-1201),"All courses on Alison via ADRIGIZMO are 100% free to learn. You can access 6,000+ courses, modules, and quizzes without upfront costs. Certificates are optional for a small fee."
Adrigizmo Services,Corporate training? (QID-1202),Please visit our official portal at www.adrigizmo.com for detailed information regarding Adrigizmo Services.
Career Guidance,Career growth in 2026? (QID-1203),Continuous upskilling is essential in 2026. Practical skills and accredited certificates often outweigh traditional degrees. Start your upskilling journey with our free accredited tracks.
Career Guidance,Career growth in 2026? (QID-1204),Continuous upskilling is essential in 2026. Practical skills and accredited certificates often outweigh traditional degrees. Start your upskilling journey with our free accredited tracks.
Career Guidance,How to choose a career? (QID-1205),Continuous upskilling is essential in 2026. Practical skills and accredited certificates often outweigh traditional degrees. Start your upskilling journey with our free accredited tracks.
ATS Resume Builder,Custom templates? (QID-1206),Our ATS Resume Builder is 100% free. It is designed to pass Applicant Tracking Systems. Your data stays in your browser and is not stored on our servers.
Adrigizmo Services,What is Adrigizmo? (QID-1207),Please visit our official portal at www.adrigizmo.com for detailed information regarding Adrigizmo Services.
Game & Challenge,How to play? (QID-1208),Please visit our official portal at www.adrigizmo.com for detailed information regarding Game & Challenge.
ATS Resume Builder,Privacy of data? (QID-1209),Our ATS Resume Builder is 100% free. It is designed to pass Applicant Tracking Systems. Your data stays in your browser and is not stored on our servers.
ATS Resume Builder,Privacy of data? (QID-1210),Our ATS Resume Builder is 100% free. It is designed to pass Applicant Tracking Systems. Your data stays in your browser and is not stored on our servers.
Adrigizmo Services,About M.T. Manukumar? (QID-1211),Please visit our official portal at www.adrigizmo.com for detailed information regarding Adrigizmo Services.
Game & Challenge,Field selection? (QID-1212),Please visit our official portal at www.adrigizmo.com for detailed information regarding Game & Challenge.
ATS Resume Builder,Custom templates? (QID-1213),Our ATS Resume Builder is 100% free. It is designed to pass Applicant Tracking Systems. Your data stays in your browser and is not stored on our servers.
ATS Resume Builder,Is it free? (QID-1214),Our ATS Resume Builder is 100% free. It is designed to pass Applicant Tracking Systems. Your data stays in your browser and is not stored on our servers.
Career Guidance,Career growth in 2026? (QID-1215),Continuous upskilling is essential in 2026. Practical skills and accredited certificates often outweigh traditional degrees. Start your upskilling journey with our free accredited tracks.
Adrigizmo Services,Contact details? (QID-1216),Please visit our official portal at www.adrigizmo.com for detailed information regarding Adrigizmo Services.
Free Courses,Alison free courses? (QID-1217),"All courses on Alison via ADRIGIZMO are 100% free to learn. You can access 6,000+ courses, modules, and quizzes without upfront costs. Certificates are optional for a small fee."
Game & Challenge,How to play? (QID-1218),Please visit our official portal at www.adrigizmo.com for detailed information regarding Game & Challenge.
Free Courses,Alison free courses? (QID-1219),"All courses on Alison via ADRIGIZMO are 100% free to learn. You can access 6,000+ courses, modules, and quizzes without upfront costs. Certificates are optional for a small fee."
Game & Challenge,Purpose of game? (QID-1220),Please visit our official portal at www.adrigizmo.com for detailed information regarding Game & Challenge.
Game & Challenge,Field selection? (QID-1221),Please visit our official portal at www.adrigizmo.com for detailed information regarding Game & Challenge.
Free Courses,Alison free courses? (QID-1222),"All courses on Alison via ADRIGIZMO are 100% free to learn. You can access 6,000+ courses, modules, and quizzes without upfront costs. Certificates are optional for a small fee."
Adrigizmo Services,WhatsApp support? (QID-1223),Please visit our official portal at www.adrigizmo.com for detailed information regarding Adrigizmo Services.
Free Courses,Accredited certificates? (QID-1224),"All courses on Alison via ADRIGIZMO are 100% free to learn. You can access 6,000+ courses, modules, and quizzes without upfront costs. Certificates are optional for a small fee."
Free Courses,Course assessment process? (QID-1225),"All courses on Alison via ADRIGIZMO are 100% free to learn. You can access 6,000+ courses, modules, and quizzes without upfront costs. Certificates are optional for a small fee."
Game & Challenge,Field selection? (QID-1226),Please visit our official portal at www.adrigizmo.com for detailed information regarding Game & Challenge.
Career Guidance,Is university degree enough?? (QID-1227),Continuous upskilling is essential in 2026. Practical skills and accredited certificates often outweigh traditional degrees. Start your upskilling journey with our free accredited tracks.
Free Courses,Accredited certificates? (QID-1228),"All courses on Alison via ADRIGIZMO are 100% free to learn. You can access 6,000+ courses, modules, and quizzes without upfront costs. Certificates are optional for a small fee."
ATS Resume Builder,Is it free? (QID-1229),Our ATS Resume Builder is 100% free. It is designed to pass Applicant Tracking Systems. Your data stays in your browser and is not stored on our servers.
Free Courses,Accredited certificates? (QID-1230),"All courses on Alison via ADRIGIZMO are 100% free to learn. You can access 6,000+ courses, modules, and quizzes without upfront costs. Certificates are optional for a small fee."
Adrigizmo Services,Contact details? (QID-1231),Please visit our official portal at www.adrigizmo.com for detailed information regarding Adrigizmo Services.
Free Courses,Accredited certificates? (QID-1232),"All courses on Alison via ADRIGIZMO are 100% free to learn. You can access 6,000+ courses, modules, and quizzes without upfront costs. Certificates are optional for a small fee."
ATS Resume Builder,Is it free? (QID-1233),Our ATS Resume Builder is 100% free. It is designed to pass Applicant Tracking Systems. Your data stays in your browser and is not stored on our servers.
ATS Resume Builder,Privacy of data? (QID-1234),Our ATS Resume Builder is 100% free. It is designed to pass Applicant Tracking Systems. Your data stays in your browser and is not stored on our servers.
Free Courses,Duration of courses? (QID-1235),"All courses on Alison via ADRIGIZMO are 100% free to learn. You can access 6,000+ courses, modules, and quizzes without upfront costs. Certificates are optional for a small fee."
ATS Resume Builder,Is it free? (QID-1236),Our ATS Resume Builder is 100% free. It is designed to pass Applicant Tracking Systems. Your data stays in your browser and is not stored on our servers.
ATS Resume Builder,How to build a resume? (QID-1237),Our ATS Resume Builder is 100% free. It is designed to pass Applicant Tracking Systems. Your data stays in your browser and is not stored on our servers.
ATS Resume Builder,Is it free? (QID-1238),Our ATS Resume Builder is 100% free. It is designed to pass Applicant Tracking Systems. Your data stays in your browser and is not stored on our servers.
Career Guidance,Importance of practical skills? (QID-1239),Continuous upskilling is essential in 2026. Practical skills and accredited certificates often outweigh traditional degrees. Start your upskilling journey with our free accredited tracks.
Game & Challenge,How to play? (QID-1240),Please visit our official portal at www.adrigizmo.com for detailed information regarding Game & Challenge.
Adrigizmo Services,Corporate training? (QID-1241),Please visit our official portal at www.adrigizmo.com for detailed information regarding Adrigizmo Services.
Adrigizmo Services,Contact details? (QID-1242),Please visit our official portal at www.adrigizmo.com for detailed information regarding Adrigizmo Services.
ATS Resume Builder,Is it free? (QID-1243),Our ATS Resume Builder is 100% free. It is designed to pass Applicant Tracking Systems. Your data stays in your browser and is not stored on our servers.
Adrigizmo Services,Corporate training? (QID-1244),Please visit our official portal at www.adrigizmo.com for detailed information regarding Adrigizmo Services.
Free Courses,Duration of courses? (QID-1245),"All courses on Alison via ADRIGIZMO are 100% free to learn. You can access 6,000+ courses, modules, and quizzes without upfront costs. Certificates are optional for a small fee."
Adrigizmo Services,WhatsApp support? (QID-1246),Please visit our official portal at www.adrigizmo.com for detailed information regarding Adrigizmo Services.
ATS Resume Builder,What is ATS resume? (QID-1247),Our ATS Resume Builder is 100% free. It is designed to pass Applicant Tracking Systems. Your data stays in your browser and is not stored on our servers.
Adrigizmo Services,WhatsApp support? (QID-1248),Please visit our official portal at www.adrigizmo.com for detailed information regarding Adrigizmo Services.
Career Guidance,Upskilling importance? (QID-1249),Continuous upskilling is essential in 2026. Practical skills and accredited certificates often outweigh traditional degrees. Start your upskilling journey with our free accredited tracks.
Game & Challenge,How to play? (QID-1250),Please visit our official portal at www.adrigizmo.com for detailed information regarding Game & Challenge.
Free Courses,How to register for free? (QID-1251),"All courses on Alison via ADRIGIZMO are 100% free to learn. You can access 6,000+ courses, modules, and quizzes without upfront costs. Certificates are optional for a small fee."
Career Guidance,Career growth in 2026? (QID-1252),Continuous upskilling is essential in 2026. Practical skills and accredited certificates often outweigh traditional degrees. Start your upskilling journey with our free accredited tracks.
Free Courses,Accredited certificates? (QID-1253),"All courses on Alison via ADRIGIZMO are 100% free to learn. You can access 6,000+ courses, modules, and quizzes without upfront costs. Certificates are optional for a small fee."
Game & Challenge,How to play? (QID-1254),Please visit our official portal at www.adrigizmo.com for detailed information regarding Game & Challenge.
ATS Resume Builder,What is ATS resume? (QID-1255),Our ATS Resume Builder is 100% free. It is designed to pass Applicant Tracking Systems. Your data stays in your browser and is not stored on our servers.
Game & Challenge,Field selection? (QID-1256),Please visit our official portal at www.adrigizmo.com for detailed information regarding Game & Challenge.
ATS Resume Builder,Custom templates? (QID-1257),Our ATS Resume Builder is 100% free. It is designed to pass Applicant Tracking Systems. Your data stays in your browser and is not stored on our servers.
ATS Resume Builder,Is it free? (QID-1258),Our ATS Resume Builder is 100% free. It is designed to pass Applicant Tracking Systems. Your data stays in your browser and is not stored on our servers.
ATS Resume Builder,Is it free? (QID-1259),Our ATS Resume Builder is 100% free. It is designed to pass Applicant Tracking Systems. Your data stays in your browser and is not stored on our servers.
Free Courses,Duration of courses? (QID-1260),"All courses on Alison via ADRIGIZMO are 100% free to learn. You can access 6,000+ courses, modules, and quizzes without upfront costs. Certificates are optional for a small fee."
ATS Resume Builder,How to build a resume? (QID-1261),Our ATS Resume Builder is 100% free. It is designed to pass Applicant Tracking Systems. Your data stays in your browser and is not stored on our servers.
Adrigizmo Services,What is Adrigizmo? (QID-1262),Please visit our official portal at www.adrigizmo.com for detailed information regarding Adrigizmo Services.
Free Courses,How to register for free? (QID-1263),"All courses on Alison via ADRIGIZMO are 100% free to learn. You can access 6,000+ courses, modules, and quizzes without upfront costs. Certificates are optional for a small fee."
Adrigizmo Services,What is Adrigizmo? (QID-1264),Please visit our official portal at www.adrigizmo.com for detailed information regarding Adrigizmo Services.
Free Courses,Accredited certificates? (QID-1265),"All courses on Alison via ADRIGIZMO are 100% free to learn. You can access 6,000+ courses, modules, and quizzes without upfront costs. Certificates are optional for a small fee."
Free Courses,Course assessment process? (QID-1266),"All courses on Alison via ADRIGIZMO are 100% free to learn. You can access 6,000+ courses, modules, and quizzes without upfront costs. Certificates are optional for a small fee."
Career Guidance,Is university degree enough?? (QID-1267),Continuous upskilling is essential in 2026. Practical skills and accredited certificates often outweigh traditional degrees. Start your upskilling journey with our free accredited tracks.
Free Courses,Course assessment process? (QID-1268),"All courses on Alison via ADRIGIZMO are 100% free to learn. You can access 6,000+ courses, modules, and quizzes without upfront costs. Certificates are optional for a small fee."
Free Courses,Accredited certificates? (QID-1269),"All courses on Alison via ADRIGIZMO are 100% free to learn. You can access 6,000+ courses, modules, and quizzes without upfront costs. Certificates are optional for a small fee."
ATS Resume Builder,Is it free? (QID-1270),Our ATS Resume Builder is 100% free. It is designed to pass Applicant Tracking Systems. Your data stays in your browser and is not stored on our servers.
Career Guidance,Is university degree enough?? (QID-1271),Continuous upskilling is essential in 2026. Practical skills and accredited certificates often outweigh traditional degrees. Start your upskilling journey with our free accredited tracks.
Career Guidance,Career growth in 2026? (QID-1272),Continuous upskilling is essential in 2026. Practical skills and accredited certificates often outweigh traditional degrees. Start your upskilling journey with our free accredited tracks.
Free Courses,How to register for free? (QID-1273),"All courses on Alison via ADRIGIZMO are 100% free to learn. You can access 6,000+ courses, modules, and quizzes without upfront costs. Certificates are optional for a small fee."
Adrigizmo Services,What is Adrigizmo? (QID-1274),Please visit our official portal at www.adrigizmo.com for detailed information regarding Adrigizmo Services.
Career Guidance,Career growth in 2026? (QID-1275),Continuous upskilling is essential in 2026. Practical skills and accredited certificates often outweigh traditional degrees. Start your upskilling journey with our free accredited tracks.
Career Guidance,Career growth in 2026? (QID-1276),Continuous upskilling is essential in 2026. Practical skills and accredited certificates often outweigh traditional degrees. Start your upskilling journey with our free accredited tracks.
Adrigizmo Services,About M.T. Manukumar? (QID-1277),Please visit our official portal at www.adrigizmo.com for detailed information regarding Adrigizmo Services.
Adrigizmo Services,About M.T. Manukumar? (QID-1278),Please visit our official portal at www.adrigizmo.com for detailed information regarding Adrigizmo Services.
ATS Resume Builder,How to build a resume? (QID-1279),Our ATS Resume Builder is 100% free. It is designed to pass Applicant Tracking Systems. Your data stays in your browser and is not stored on our servers.
Adrigizmo Services,Corporate training? (QID-1280),Please visit our official portal at www.adrigizmo.com for detailed information regarding Adrigizmo Services.
Adrigizmo Services,About M.T. Manukumar? (QID-1281),Please visit our official portal at www.adrigizmo.com for detailed information regarding Adrigizmo Services.
Game & Challenge,How to play? (QID-1282),Please visit our official portal at www.adrigizmo.com for detailed information regarding Game & Challenge.
Free Courses,Accredited certificates? (QID-1283),"All courses on Alison via ADRIGIZMO are 100% free to learn. You can access 6,000+ courses, modules, and quizzes without upfront costs. Certificates are optional for a small fee."
ATS Resume Builder,Custom templates? (QID-1284),Our ATS Resume Builder is 100% free. It is designed to pass Applicant Tracking Systems. Your data stays in your browser and is not stored on our servers.
Game & Challenge,3D Escape Room Challenge? (QID-1285),Please visit our official portal at www.adrigizmo.com for detailed information regarding Game & Challenge.
ATS Resume Builder,How to build a resume? (QID-1286),Our ATS Resume Builder is 100% free. It is designed to pass Applicant Tracking Systems. Your data stays in your browser and is not stored on our servers.
Career Guidance,Is university degree enough?? (QID-1287),Continuous upskilling is essential in 2026. Practical skills and accredited certificates often outweigh traditional degrees. Start your upskilling journey with our free accredited tracks.
Career Guidance,Upskilling importance? (QID-1288),Continuous upskilling is essential in 2026. Practical skills and accredited certificates often outweigh traditional degrees. Start your upskilling journey with our free accredited tracks.
ATS Resume Builder,How to build a resume? (QID-1289),Our ATS Resume Builder is 100% free. It is designed to pass Applicant Tracking Systems. Your data stays in your browser and is not stored on our servers.
Game & Challenge,3D Escape Room Challenge? (QID-1290),Please visit our official portal at www.adrigizmo.com for detailed information regarding Game & Challenge.
Career Guidance,Career growth in 2026? (QID-1291),Continuous upskilling is essential in 2026. Practical skills and accredited certificates often outweigh traditional degrees. Start your upskilling journey with our free accredited tracks.
Adrigizmo Services,About M.T. Manukumar? (QID-1292),Please visit our official portal at www.adrigizmo.com for detailed information regarding Adrigizmo Services.
Adrigizmo Services,About M.T. Manukumar? (QID-1293),Please visit our official portal at www.adrigizmo.com for detailed information regarding Adrigizmo Services.
Free Courses,Duration of courses? (QID-1294),"All courses on Alison via ADRIGIZMO are 100% free to learn. You can access 6,000+ courses, modules, and quizzes without upfront costs. Certificates are optional for a small fee."
Adrigizmo Services,Corporate training? (QID-1295),Please visit our official portal at www.adrigizmo.com for detailed information regarding Adrigizmo Services.
Career Guidance,Is university degree enough?? (QID-1296),Continuous upskilling is essential in 2026. Practical skills and accredited certificates often outweigh traditional degrees. Start your upskilling journey with our free accredited tracks.
Game & Challenge,How to play? (QID-1297),Please visit our official portal at www.adrigizmo.com for detailed information regarding Game & Challenge.
Game & Challenge,How to play? (QID-1298),Please visit our official portal at www.adrigizmo.com for detailed information regarding Game & Challenge.
ATS Resume Builder,What is ATS resume? (QID-1299),Our ATS Resume Builder is 100% free. It is designed to pass Applicant Tracking Systems. Your data stays in your browser and is not stored on our servers.
ATS Resume Builder,How to build a resume? (QID-1300),Our ATS Resume Builder is 100% free. It is designed to pass Applicant Tracking Systems. Your data stays in your browser and is not stored on our servers.
Game & Challenge,Purpose of game? (QID-1301),Please visit our official portal at www.adrigizmo.com for detailed information regarding Game & Challenge.
Career Guidance,Is university degree enough?? (QID-1302),Continuous upskilling is essential in 2026. Practical skills and accredited certificates often outweigh traditional degrees. Start your upskilling journey with our free accredited tracks.
Adrigizmo Services,About M.T. Manukumar? (QID-1303),Please visit our official portal at www.adrigizmo.com for detailed information regarding Adrigizmo Services.
Career Guidance,Is university degree enough?? (QID-1304),Continuous upskilling is essential in 2026. Practical skills and accredited certificates often outweigh traditional degrees. Start your upskilling journey with our free accredited tracks.
ATS Resume Builder,Is it free? (QID-1305),Our ATS Resume Builder is 100% free. It is designed to pass Applicant Tracking Systems. Your data stays in your browser and is not stored on our servers.
Game & Challenge,Purpose of game? (QID-1306),Please visit our official portal at www.adrigizmo.com for detailed information regarding Game & Challenge.
Game & Challenge,Purpose of game? (QID-1307),Please visit our official portal at www.adrigizmo.com for detailed information regarding Game & Challenge.
ATS Resume Builder,What is ATS resume? (QID-1308),Our ATS Resume Builder is 100% free. It is designed to pass Applicant Tracking Systems. Your data stays in your browser and is not stored on our servers.
ATS Resume Builder,How to build a resume? (QID-1309),Our ATS Resume Builder is 100% free. It is designed to pass Applicant Tracking Systems. Your data stays in your browser and is not stored on our servers.
Free Courses,Duration of courses? (QID-1310),"All courses on Alison via ADRIGIZMO are 100% free to learn. You can access 6,000+ courses, modules, and quizzes without upfront costs. Certificates are optional for a small fee."
Career Guidance,Career growth in 2026? (QID-1311),Continuous upskilling is essential in 2026. Practical skills and accredited certificates often outweigh traditional degrees. Start your upskilling journey with our free accredited tracks.
Adrigizmo Services,Corporate training? (QID-1312),Please visit our official portal at www.adrigizmo.com for detailed information regarding Adrigizmo Services.
Game & Challenge,Field selection? (QID-1313),Please visit our official portal at www.adrigizmo.com for detailed information regarding Game & Challenge.
Free Courses,Duration of courses? (QID-1314),"All courses on Alison via ADRIGIZMO are 100% free to learn. You can access 6,000+ courses, modules, and quizzes without upfront costs. Certificates are optional for a small fee."
Career Guidance,Upskilling importance? (QID-1315),Continuous upskilling is essential in 2026. Practical skills and accredited certificates often outweigh traditional degrees. Start your upskilling journey with our free accredited tracks.
Adrigizmo Services,WhatsApp support? (QID-1316),Please visit our official portal at www.adrigizmo.com for detailed information regarding Adrigizmo Services.
Game & Challenge,Purpose of game? (QID-1317),Please visit our official portal at www.adrigizmo.com for detailed information regarding Game & Challenge.
Game & Challenge,Field selection? (QID-1318),Please visit our official portal at www.adrigizmo.com for detailed information regarding Game & Challenge.
Game & Challenge,Purpose of game? (QID-1319),Please visit our official portal at www.adrigizmo.com for detailed information regarding Game & Challenge.
ATS Resume Builder,What is ATS resume? (QID-1320),Our ATS Resume Builder is 100% free. It is designed to pass Applicant Tracking Systems. Your data stays in your browser and is not stored on our servers.
ATS Resume Builder,Privacy of data? (QID-1321),Our ATS Resume Builder is 100% free. It is designed to pass Applicant Tracking Systems. Your data stays in your browser and is not stored on our servers.
Adrigizmo Services,Corporate training? (QID-1322),Please visit our official portal at www.adrigizmo.com for detailed information regarding Adrigizmo Services.
ATS Resume Builder,Privacy of data? (QID-1323),Our ATS Resume Builder is 100% free. It is designed to pass Applicant Tracking Systems. Your data stays in your browser and is not stored on our servers.
Game & Challenge,3D Escape Room Challenge? (QID-1324),Please visit our official portal at www.adrigizmo.com for detailed information regarding Game & Challenge.
Game & Challenge,Purpose of game? (QID-1325),Please visit our official portal at www.adrigizmo.com for detailed information regarding Game & Challenge.
ATS Resume Builder,Is it free? (QID-1326),Our ATS Resume Builder is 100% free. It is designed to pass Applicant Tracking Systems. Your data stays in your browser and is not stored on our servers.
Game & Challenge,How to play? (QID-1327),Please visit our official portal at www.adrigizmo.com for detailed information regarding Game & Challenge.
Adrigizmo Services,About M.T. Manukumar? (QID-1328),Please visit our official portal at www.adrigizmo.com for detailed information regarding Adrigizmo Services.
ATS Resume Builder,Custom templates? (QID-1329),Our ATS Resume Builder is 100% free. It is designed to pass Applicant Tracking Systems. Your data stays in your browser and is not stored on our servers.
Career Guidance,Career growth in 2026? (QID-1330),Continuous upskilling is essential in 2026. Practical skills and accredited certificates often outweigh traditional degrees. Start your upskilling journey with our free accredited tracks.
Game & Challenge,How to play? (QID-1331),Please visit our official portal at www.adrigizmo.com for detailed information regarding Game & Challenge.
Game & Challenge,3D Escape Room Challenge? (QID-1332),Please visit our official portal at www.adrigizmo.com for detailed information regarding Game & Challenge.
Game & Challenge,3D Escape Room Challenge? (QID-1333),Please visit our official portal at www.adrigizmo.com for detailed information regarding Game & Challenge.
Adrigizmo Services,Corporate training? (QID-1334),Please visit our official portal at www.adrigizmo.com for detailed information regarding Adrigizmo Services.
ATS Resume Builder,Privacy of data? (QID-1335),Our ATS Resume Builder is 100% free. It is designed to pass Applicant Tracking Systems. Your data stays in your browser and is not stored on our servers.
Free Courses,How to register for free? (QID-1336),"All courses on Alison via ADRIGIZMO are 100% free to learn. You can access 6,000+ courses, modules, and quizzes without upfront costs. Certificates are optional for a small fee."
Career Guidance,Upskilling importance? (QID-1337),Continuous upskilling is essential in 2026. Practical skills and accredited certificates often outweigh traditional degrees. Start your upskilling journey with our free accredited tracks.
Career Guidance,Career growth in 2026? (QID-1338),Continuous upskilling is essential in 2026. Practical skills and accredited certificates often outweigh traditional degrees. Start your upskilling journey with our free accredited tracks.
ATS Resume Builder,Privacy of data? (QID-1339),Our ATS Resume Builder is 100% free. It is designed to pass Applicant Tracking Systems. Your data stays in your browser and is not stored on our servers.
ATS Resume Builder,Privacy of data? (QID-1340),Our ATS Resume Builder is 100% free. It is designed to pass Applicant Tracking Systems. Your data stays in your browser and is not stored on our servers.
ATS Resume Builder,Privacy of data? (QID-1341),Our ATS Resume Builder is 100% free. It is designed to pass Applicant Tracking Systems. Your data stays in your browser and is not stored on our servers.
Free Courses,Alison free courses? (QID-1342),"All courses on Alison via ADRIGIZMO are 100% free to learn. You can access 6,000+ courses, modules, and quizzes without upfront costs. Certificates are optional for a small fee."
Game & Challenge,Field selection? (QID-1343),Please visit our official portal at www.adrigizmo.com for detailed information regarding Game & Challenge.
Career Guidance,Upskilling importance? (QID-1344),Continuous upskilling is essential in 2026. Practical skills and accredited certificates often outweigh traditional degrees. Start your upskilling journey with our free accredited tracks.
Game & Challenge,How to play? (QID-1345),Please visit our official portal at www.adrigizmo.com for detailed information regarding Game & Challenge.
Game & Challenge,How to play? (QID-1346),Please visit our official portal at www.adrigizmo.com for detailed information regarding Game & Challenge.
Career Guidance,Is university degree enough?? (QID-1347),Continuous upskilling is essential in 2026. Practical skills and accredited certificates often outweigh traditional degrees. Start your upskilling journey with our free accredited tracks.
Free Courses,Accredited certificates? (QID-1348),"All courses on Alison via ADRIGIZMO are 100% free to learn. You can access 6,000+ courses, modules, and quizzes without upfront costs. Certificates are optional for a small fee."
Career Guidance,Upskilling importance? (QID-1349),Continuous upskilling is essential in 2026. Practical skills and accredited certificates often outweigh traditional degrees. Start your upskilling journey with our free accredited tracks.
ATS Resume Builder,Privacy of data? (QID-1350),Our ATS Resume Builder is 100% free. It is designed to pass Applicant Tracking Systems. Your data stays in your browser and is not stored on our servers.
Career Guidance,Upskilling importance? (QID-1351),Continuous upskilling is essential in 2026. Practical skills and accredited certificates often outweigh traditional degrees. Start your upskilling journey with our free accredited tracks.
Game & Challenge,How to play? (QID-1352),Please visit our official portal at www.adrigizmo.com for detailed information regarding Game & Challenge.
ATS Resume Builder,Privacy of data? (QID-1353),Our ATS Resume Builder is 100% free. It is designed to pass Applicant Tracking Systems. Your data stays in your browser and is not stored on our servers.
Career Guidance,Career growth in 2026? (QID-1354),Continuous upskilling is essential in 2026. Practical skills and accredited certificates often outweigh traditional degrees. Start your upskilling journey with our free accredited tracks.
Career Guidance,How to choose a career? (QID-1355),Continuous upskilling is essential in 2026. Practical skills and accredited certificates often outweigh traditional degrees. Start your upskilling journey with our free accredited tracks.
Adrigizmo Services,About M.T. Manukumar? (QID-1356),Please visit our official portal at www.adrigizmo.com for detailed information regarding Adrigizmo Services.
Free Courses,Accredited certificates? (QID-1357),"All courses on Alison via ADRIGIZMO are 100% free to learn. You can access 6,000+ courses, modules, and quizzes without upfront costs. Certificates are optional for a small fee."
ATS Resume Builder,What is ATS resume? (QID-1358),Our ATS Resume Builder is 100% free. It is designed to pass Applicant Tracking Systems. Your data stays in your browser and is not stored on our servers.
Game & Challenge,Purpose of game? (QID-1359),Please visit our official portal at www.adrigizmo.com for detailed information regarding Game & Challenge.
Career Guidance,Career growth in 2026? (QID-1360),Continuous upskilling is essential in 2026. Practical skills and accredited certificates often outweigh traditional degrees. Start your upskilling journey with our free accredited tracks.
Game & Challenge,Purpose of game? (QID-1361),Please visit our official portal at www.adrigizmo.com for detailed information regarding Game & Challenge.
Free Courses,Course assessment process? (QID-1362),"All courses on Alison via ADRIGIZMO are 100% free to learn. You can access 6,000+ courses, modules, and quizzes without upfront costs. Certificates are optional for a small fee."
ATS Resume Builder,How to build a resume? (QID-1363),Our ATS Resume Builder is 100% free. It is designed to pass Applicant Tracking Systems. Your data stays in your browser and is not stored on our servers.
ATS Resume Builder,What is ATS resume? (QID-1364),Our ATS Resume Builder is 100% free. It is designed to pass Applicant Tracking Systems. Your data stays in your browser and is not stored on our servers.
ATS Resume Builder,Privacy of data? (QID-1365),Our ATS Resume Builder is 100% free. It is designed to pass Applicant Tracking Systems. Your data stays in your browser and is not stored on our servers.
ATS Resume Builder,Custom templates? (QID-1366),Our ATS Resume Builder is 100% free. It is designed to pass Applicant Tracking Systems. Your data stays in your browser and is not stored on our servers.
Game & Challenge,How to play? (QID-1367),Please visit our official portal at www.adrigizmo.com for detailed information regarding Game & Challenge.
Free Courses,Duration of courses? (QID-1368),"All courses on Alison via ADRIGIZMO are 100% free to learn. You can access 6,000+ courses, modules, and quizzes without upfront costs. Certificates are optional for a small fee."
Free Courses,Course assessment process? (QID-1369),"All courses on Alison via ADRIGIZMO are 100% free to learn. You can access 6,000+ courses, modules, and quizzes without upfront costs. Certificates are optional for a small fee."
Adrigizmo Services,WhatsApp support? (QID-1370),Please visit our official portal at www.adrigizmo.com for detailed information regarding Adrigizmo Services.
Adrigizmo Services,WhatsApp support? (QID-1371),Please visit our official portal at www.adrigizmo.com for detailed information regarding Adrigizmo Services.
ATS Resume Builder,What is ATS resume? (QID-1372),Our ATS Resume Builder is 100% free. It is designed to pass Applicant Tracking Systems. Your data stays in your browser and is not stored on our servers.
Free Courses,Duration of courses? (QID-1373),"All courses on Alison via ADRIGIZMO are 100% free to learn. You can access 6,000+ courses, modules, and quizzes without upfront costs. Certificates are optional for a small fee."
ATS Resume Builder,What is ATS resume? (QID-1374),Our ATS Resume Builder is 100% free. It is designed to pass Applicant Tracking Systems. Your data stays in your browser and is not stored on our servers.
Game & Challenge,Field selection? (QID-1375),Please visit our official portal at www.adrigizmo.com for detailed information regarding Game & Challenge.
Free Courses,Duration of courses? (QID-1376),"All courses on Alison via ADRIGIZMO are 100% free to learn. You can access 6,000+ courses, modules, and quizzes without upfront costs. Certificates are optional for a small fee."
Free Courses,Accredited certificates? (QID-1377),"All courses on Alison via ADRIGIZMO are 100% free to learn. You can access 6,000+ courses, modules, and quizzes without upfront costs. Certificates are optional for a small fee."
Free Courses,Alison free courses? (QID-1378),"All courses on Alison via ADRIGIZMO are 100% free to learn. You can access 6,000+ courses, modules, and quizzes without upfront costs. Certificates are optional for a small fee."
ATS Resume Builder,What is ATS resume? (QID-1379),Our ATS Resume Builder is 100% free. It is designed to pass Applicant Tracking Systems. Your data stays in your browser and is not stored on our servers.
Game & Challenge,Field selection? (QID-1380),Please visit our official portal at www.adrigizmo.com for detailed information regarding Game & Challenge.
ATS Resume Builder,How to build a resume? (QID-1381),Our ATS Resume Builder is 100% free. It is designed to pass Applicant Tracking Systems. Your data stays in your browser and is not stored on our servers.
Adrigizmo Services,What is Adrigizmo? (QID-1382),Please visit our official portal at www.adrigizmo.com for detailed information regarding Adrigizmo Services.
Career Guidance,Upskilling importance? (QID-1383),Continuous upskilling is essential in 2026. Practical skills and accredited certificates often outweigh traditional degrees. Start your upskilling journey with our free accredited tracks.
Adrigizmo Services,About M.T. Manukumar? (QID-1384),Please visit our official portal at www.adrigizmo.com for detailed information regarding Adrigizmo Services.
ATS Resume Builder,Is it free? (QID-1385),Our ATS Resume Builder is 100% free. It is designed to pass Applicant Tracking Systems. Your data stays in your browser and is not stored on our servers.
Free Courses,Alison free courses? (QID-1386),"All courses on Alison via ADRIGIZMO are 100% free to learn. You can access 6,000+ courses, modules, and quizzes without upfront costs. Certificates are optional for a small fee."
Career Guidance,Career growth in 2026? (QID-1387),Continuous upskilling is essential in 2026. Practical skills and accredited certificates often outweigh traditional degrees. Start your upskilling journey with our free accredited tracks.
Career Guidance,Importance of practical skills? (QID-1388),Continuous upskilling is essential in 2026. Practical skills and accredited certificates often outweigh traditional degrees. Start your upskilling journey with our free accredited tracks.
Game & Challenge,Field selection? (QID-1389),Please visit our official portal at www.adrigizmo.com for detailed information regarding Game & Challenge.
Free Courses,How to register for free? (QID-1390),"All courses on Alison via ADRIGIZMO are 100% free to learn. You can access 6,000+ courses, modules, and quizzes without upfront costs. Certificates are optional for a small fee."
Career Guidance,Upskilling importance? (QID-1391),Continuous upskilling is essential in 2026. Practical skills and accredited certificates often outweigh traditional degrees. Start your upskilling journey with our free accredited tracks.
Adrigizmo Services,Contact details? (QID-1392),Please visit our official portal at www.adrigizmo.com for detailed information regarding Adrigizmo Services.
ATS Resume Builder,Privacy of data? (QID-1393),Our ATS Resume Builder is 100% free. It is designed to pass Applicant Tracking Systems. Your data stays in your browser and is not stored on our servers.
Game & Challenge,3D Escape Room Challenge? (QID-1394),Please visit our official portal at www.adrigizmo.com for detailed information regarding Game & Challenge.
Adrigizmo Services,WhatsApp support? (QID-1395),Please visit our official portal at www.adrigizmo.com for detailed information regarding Adrigizmo Services.
Free Courses,Alison free courses? (QID-1396),"All courses on Alison via ADRIGIZMO are 100% free to learn. You can access 6,000+ courses, modules, and quizzes without upfront costs. Certificates are optional for a small fee."
Adrigizmo Services,Corporate training? (QID-1397),Please visit our official portal at www.adrigizmo.com for detailed information regarding Adrigizmo Services.
Free Courses,How to register for free? (QID-1398),"All courses on Alison via ADRIGIZMO are 100% free to learn. You can access 6,000+ courses, modules, and quizzes without upfront costs. Certificates are optional for a small fee."
Career Guidance,Is university degree enough?? (QID-1399),Continuous upskilling is essential in 2026. Practical skills and accredited certificates often outweigh traditional degrees. Start your upskilling journey with our free accredited tracks.
Free Courses,How to register for free? (QID-1400),"All courses on Alison via ADRIGIZMO are 100% free to learn. You can access 6,000+ courses, modules, and quizzes without upfront costs. Certificates are optional for a small fee."
Game & Challenge,How to play? (QID-1401),Please visit our official portal at www.adrigizmo.com for detailed information regarding Game & Challenge.
Career Guidance,Importance of practical skills? (QID-1402),Continuous upskilling is essential in 2026. Practical skills and accredited certificates often outweigh traditional degrees. Start your upskilling journey with our free accredited tracks.
Adrigizmo Services,Contact details? (QID-1403),Please visit our official portal at www.adrigizmo.com for detailed information regarding Adrigizmo Services.
Career Guidance,Career growth in 2026? (QID-1404),Continuous upskilling is essential in 2026. Practical skills and accredited certificates often outweigh traditional degrees. Start your upskilling journey with our free accredited tracks.
Free Courses,How to register for free? (QID-1405),"All courses on Alison via ADRIGIZMO are 100% free to learn. You can access 6,000+ courses, modules, and quizzes without upfront costs. Certificates are optional for a small fee."
Game & Challenge,Field selection? (QID-1406),Please visit our official portal at www.adrigizmo.com for detailed information regarding Game & Challenge.
Game & Challenge,How to play? (QID-1407),Please visit our official portal at www.adrigizmo.com for detailed information regarding Game & Challenge.
Free Courses,Alison free courses? (QID-1408),"All courses on Alison via ADRIGIZMO are 100% free to learn. You can access 6,000+ courses, modules, and quizzes without upfront costs. Certificates are optional for a small fee."
ATS Resume Builder,Custom templates? (QID-1409),Our ATS Resume Builder is 100% free. It is designed to pass Applicant Tracking Systems. Your data stays in your browser and is not stored on our servers.
Adrigizmo Services,About M.T. Manukumar? (QID-1410),Please visit our official portal at www.adrigizmo.com for detailed information regarding Adrigizmo Services.
Adrigizmo Services,About M.T. Manukumar? (QID-1411),Please visit our official portal at www.adrigizmo.com for detailed information regarding Adrigizmo Services.
Adrigizmo Services,Contact details? (QID-1412),Please visit our official portal at www.adrigizmo.com for detailed information regarding Adrigizmo Services.
Career Guidance,Career growth in 2026? (QID-1413),Continuous upskilling is essential in 2026. Practical skills and accredited certificates often outweigh traditional degrees. Start your upskilling journey with our free accredited tracks.
Adrigizmo Services,WhatsApp support? (QID-1414),Please visit our official portal at www.adrigizmo.com for detailed information regarding Adrigizmo Services.
Career Guidance,Career growth in 2026? (QID-1415),Continuous upskilling is essential in 2026. Practical skills and accredited certificates often outweigh traditional degrees. Start your upskilling journey with our free accredited tracks.
Adrigizmo Services,About M.T. Manukumar? (QID-1416),Please visit our official portal at www.adrigizmo.com for detailed information regarding Adrigizmo Services.
Career Guidance,Career growth in 2026? (QID-1417),Continuous upskilling is essential in 2026. Practical skills and accredited certificates often outweigh traditional degrees. Start your upskilling journey with our free accredited tracks.
Career Guidance,Career growth in 2026? (QID-1418),Continuous upskilling is essential in 2026. Practical skills and accredited certificates often outweigh traditional degrees. Start your upskilling journey with our free accredited tracks.
Career Guidance,Upskilling importance? (QID-1419),Continuous upskilling is essential in 2026. Practical skills and accredited certificates often outweigh traditional degrees. Start your upskilling journey with our free accredited tracks.
Game & Challenge,Purpose of game? (QID-1420),Please visit our official portal at www.adrigizmo.com for detailed information regarding Game & Challenge.
Game & Challenge,Purpose of game? (QID-1421),Please visit our official portal at www.adrigizmo.com for detailed information regarding Game & Challenge.
Game & Challenge,How to play? (QID-1422),Please visit our official portal at www.adrigizmo.com for detailed information regarding Game & Challenge.
Game & Challenge,Field selection? (QID-1423),Please visit our official portal at www.adrigizmo.com for detailed information regarding Game & Challenge.
Free Courses,Duration of courses? (QID-1424),"All courses on Alison via ADRIGIZMO are 100% free to learn. You can access 6,000+ courses, modules, and quizzes without upfront costs. Certificates are optional for a small fee."
Career Guidance,Is university degree enough?? (QID-1425),Continuous upskilling is essential in 2026. Practical skills and accredited certificates often outweigh traditional degrees. Start your upskilling journey with our free accredited tracks.
ATS Resume Builder,How to build a resume? (QID-1426),Our ATS Resume Builder is 100% free. It is designed to pass Applicant Tracking Systems. Your data stays in your browser and is not stored on our servers.
Career Guidance,How to choose a career? (QID-1427),Continuous upskilling is essential in 2026. Practical skills and accredited certificates often outweigh traditional degrees. Start your upskilling journey with our free accredited tracks.
Adrigizmo Services,What is Adrigizmo? (QID-1428),Please visit our official portal at www.adrigizmo.com for detailed information regarding Adrigizmo Services.
Free Courses,Accredited certificates? (QID-1429),"All courses on Alison via ADRIGIZMO are 100% free to learn. You can access 6,000+ courses, modules, and quizzes without upfront costs. Certificates are optional for a small fee."
Adrigizmo Services,About M.T. Manukumar? (QID-1430),Please visit our official portal at www.adrigizmo.com for detailed information regarding Adrigizmo Services.
Game & Challenge,Purpose of game? (QID-1431),Please visit our official portal at www.adrigizmo.com for detailed information regarding Game & Challenge.
Game & Challenge,3D Escape Room Challenge? (QID-1432),Please visit our official portal at www.adrigizmo.com for detailed information regarding Game & Challenge.
Game & Challenge,How to play? (QID-1433),Please visit our official portal at www.adrigizmo.com for detailed information regarding Game & Challenge.
Free Courses,Duration of courses? (QID-1434),"All courses on Alison via ADRIGIZMO are 100% free to learn. You can access 6,000+ courses, modules, and quizzes without upfront costs. Certificates are optional for a small fee."
Game & Challenge,Field selection? (QID-1435),Please visit our official portal at www.adrigizmo.com for detailed information regarding Game & Challenge.
Career Guidance,How to choose a career? (QID-1436),Continuous upskilling is essential in 2026. Practical skills and accredited certificates often outweigh traditional degrees. Start your upskilling journey with our free accredited tracks.
ATS Resume Builder,What is ATS resume? (QID-1437),Our ATS Resume Builder is 100% free. It is designed to pass Applicant Tracking Systems. Your data stays in your browser and is not stored on our servers.
Adrigizmo Services,Corporate training? (QID-1438),Please visit our official portal at www.adrigizmo.com for detailed information regarding Adrigizmo Services.
Game & Challenge,How to play? (QID-1439),Please visit our official portal at www.adrigizmo.com for detailed information regarding Game & Challenge.
Game & Challenge,3D Escape Room Challenge? (QID-1440),Please visit our official portal at www.adrigizmo.com for detailed information regarding Game & Challenge.
ATS Resume Builder,What is ATS resume? (QID-1441),Our ATS Resume Builder is 100% free. It is designed to pass Applicant Tracking Systems. Your data stays in your browser and is not stored on our servers.
ATS Resume Builder,Custom templates? (QID-1442),Our ATS Resume Builder is 100% free. It is designed to pass Applicant Tracking Systems. Your data stays in your browser and is not stored on our servers.
Free Courses,Duration of courses? (QID-1443),"All courses on Alison via ADRIGIZMO are 100% free to learn. You can access 6,000+ courses, modules, and quizzes without upfront costs. Certificates are optional for a small fee."
Career Guidance,Career growth in 2026? (QID-1444),Continuous upskilling is essential in 2026. Practical skills and accredited certificates often outweigh traditional degrees. Start your upskilling journey with our free accredited tracks.
Free Courses,Duration of courses? (QID-1445),"All courses on Alison via ADRIGIZMO are 100% free to learn. You can access 6,000+ courses, modules, and quizzes without upfront costs. Certificates are optional for a small fee."
Free Courses,Course assessment process? (QID-1446),"All courses on Alison via ADRIGIZMO are 100% free to learn. You can access 6,000+ courses, modules, and quizzes without upfront costs. Certificates are optional for a small fee."
Career Guidance,Career growth in 2026? (QID-1447),Continuous upskilling is essential in 2026. Practical skills and accredited certificates often outweigh traditional degrees. Start your upskilling journey with our free accredited tracks.
Free Courses,How to register for free? (QID-1448),"All courses on Alison via ADRIGIZMO are 100% free to learn. You can access 6,000+ courses, modules, and quizzes without upfront costs. Certificates are optional for a small fee."
Game & Challenge,3D Escape Room Challenge? (QID-1449),Please visit our official portal at www.adrigizmo.com for detailed information regarding Game & Challenge.
Free Courses,Alison free courses? (QID-1450),"All courses on Alison via ADRIGIZMO are 100% free to learn. You can access 6,000+ courses, modules, and quizzes without upfront costs. Certificates are optional for a small fee."
Game & Challenge,Field selection? (QID-1451),Please visit our official portal at www.adrigizmo.com for detailed information regarding Game & Challenge.
Game & Challenge,3D Escape Room Challenge? (QID-1452),Please visit our official portal at www.adrigizmo.com for detailed information regarding Game & Challenge.
ATS Resume Builder,How to build a resume? (QID-1453),Our ATS Resume Builder is 100% free. It is designed to pass Applicant Tracking Systems. Your data stays in your browser and is not stored on our servers.
Game & Challenge,How to play? (QID-1454),Please visit our official portal at www.adrigizmo.com for detailed information regarding Game & Challenge.
Free Courses,How to register for free? (QID-1455),"All courses on Alison via ADRIGIZMO are 100% free to learn. You can access 6,000+ courses, modules, and quizzes without upfront costs. Certificates are optional for a small fee."
Game & Challenge,3D Escape Room Challenge? (QID-1456),Please visit our official portal at www.adrigizmo.com for detailed information regarding Game & Challenge.
Career Guidance,Upskilling importance? (QID-1457),Continuous upskilling is essential in 2026. Practical skills and accredited certificates often outweigh traditional degrees. Start your upskilling journey with our free accredited tracks.
ATS Resume Builder,Custom templates? (QID-1458),Our ATS Resume Builder is 100% free. It is designed to pass Applicant Tracking Systems. Your data stays in your browser and is not stored on our servers.
Adrigizmo Services,Contact details? (QID-1459),Please visit our official portal at www.adrigizmo.com for detailed information regarding Adrigizmo Services.
Adrigizmo Services,Corporate training? (QID-1460),Please visit our official portal at www.adrigizmo.com for detailed information regarding Adrigizmo Services.
Career Guidance,Upskilling importance? (QID-1461),Continuous upskilling is essential in 2026. Practical skills and accredited certificates often outweigh traditional degrees. Start your upskilling journey with our free accredited tracks.
Adrigizmo Services,Contact details? (QID-1462),Please visit our official portal at www.adrigizmo.com for detailed information regarding Adrigizmo Services.
ATS Resume Builder,Privacy of data? (QID-1463),Our ATS Resume Builder is 100% free. It is designed to pass Applicant Tracking Systems. Your data stays in your browser and is not stored on our servers.
Adrigizmo Services,About M.T. Manukumar? (QID-1464),Please visit our official portal at www.adrigizmo.com for detailed information regarding Adrigizmo Services.
Career Guidance,Is university degree enough?? (QID-1465),Continuous upskilling is essential in 2026. Practical skills and accredited certificates often outweigh traditional degrees. Start your upskilling journey with our free accredited tracks.
Free Courses,Course assessment process? (QID-1466),"All courses on Alison via ADRIGIZMO are 100% free to learn. You can access 6,000+ courses, modules, and quizzes without upfront costs. Certificates are optional for a small fee."
Career Guidance,How to choose a career? (QID-1467),Continuous upskilling is essential in 2026. Practical skills and accredited certificates often outweigh traditional degrees. Start your upskilling journey with our free accredited tracks.
Adrigizmo Services,What is Adrigizmo? (QID-1468),Please visit our official portal at www.adrigizmo.com for detailed information regarding Adrigizmo Services.
Game & Challenge,Field selection? (QID-1469),Please visit our official portal at www.adrigizmo.com for detailed information regarding Game & Challenge.
ATS Resume Builder,Privacy of data? (QID-1470),Our ATS Resume Builder is 100% free. It is designed to pass Applicant Tracking Systems. Your data stays in your browser and is not stored on our servers.
Game & Challenge,Purpose of game? (QID-1471),Please visit our official portal at www.adrigizmo.com for detailed information regarding Game & Challenge.
Career Guidance,Importance of practical skills? (QID-1472),Continuous upskilling is essential in 2026. Practical skills and accredited certificates often outweigh traditional degrees. Start your upskilling journey with our free accredited tracks.
ATS Resume Builder,What is ATS resume? (QID-1473),Our ATS Resume Builder is 100% free. It is designed to pass Applicant Tracking Systems. Your data stays in your browser and is not stored on our servers.
Career Guidance,Importance of practical skills? (QID-1474),Continuous upskilling is essential in 2026. Practical skills and accredited certificates often outweigh traditional degrees. Start your upskilling journey with our free accredited tracks.
Game & Challenge,Purpose of game? (QID-1475),Please visit our official portal at www.adrigizmo.com for detailed information regarding Game & Challenge.
ATS Resume Builder,Privacy of data? (QID-1476),Our ATS Resume Builder is 100% free. It is designed to pass Applicant Tracking Systems. Your data stays in your browser and is not stored on our servers.
ATS Resume Builder,Privacy of data? (QID-1477),Our ATS Resume Builder is 100% free. It is designed to pass Applicant Tracking Systems. Your data stays in your browser and is not stored on our servers.
Career Guidance,Upskilling importance? (QID-1478),Continuous upskilling is essential in 2026. Practical skills and accredited certificates often outweigh traditional degrees. Start your upskilling journey with our free accredited tracks.
Game & Challenge,How to play? (QID-1479),Please visit our official portal at www.adrigizmo.com for detailed information regarding Game & Challenge.
Adrigizmo Services,Contact details? (QID-1480),Please visit our official portal at www.adrigizmo.com for detailed information regarding Adrigizmo Services.
Adrigizmo Services,About M.T. Manukumar? (QID-1481),Please visit our official portal at www.adrigizmo.com for detailed information regarding Adrigizmo Services.
ATS Resume Builder,What is ATS resume? (QID-1482),Our ATS Resume Builder is 100% free. It is designed to pass Applicant Tracking Systems. Your data stays in your browser and is not stored on our servers.
Career Guidance,Career growth in 2026? (QID-1483),Continuous upskilling is essential in 2026. Practical skills and accredited certificates often outweigh traditional degrees. Start your upskilling journey with our free accredited tracks.
Free Courses,Alison free courses? (QID-1484),"All courses on Alison via ADRIGIZMO are 100% free to learn. You can access 6,000+ courses, modules, and quizzes without upfront costs. Certificates are optional for a small fee."
Adrigizmo Services,WhatsApp support? (QID-1485),Please visit our official portal at www.adrigizmo.com for detailed information regarding Adrigizmo Services.
Free Courses,Accredited certificates? (QID-1486),"All courses on Alison via ADRIGIZMO are 100% free to learn. You can access 6,000+ courses, modules, and quizzes without upfront costs. Certificates are optional for a small fee."
Career Guidance,How to choose a career? (QID-1487),Continuous upskilling is essential in 2026. Practical skills and accredited certificates often outweigh traditional degrees. Start your upskilling journey with our free accredited tracks.
Game & Challenge,How to play? (QID-1488),Please visit our official portal at www.adrigizmo.com for detailed information regarding Game & Challenge.
Game & Challenge,How to play? (QID-1489),Please visit our official portal at www.adrigizmo.com for detailed information regarding Game & Challenge.
Free Courses,How to register for free? (QID-1490),"All courses on Alison via ADRIGIZMO are 100% free to learn. You can access 6,000+ courses, modules, and quizzes without upfront costs. Certificates are optional for a small fee."
Career Guidance,Upskilling importance? (QID-1491),Continuous upskilling is essential in 2026. Practical skills and accredited certificates often outweigh traditional degrees. Start your upskilling journey with our free accredited tracks.
Free Courses,Alison free courses? (QID-1492),"All courses on Alison via ADRIGIZMO are 100% free to learn. You can access 6,000+ courses, modules, and quizzes without upfront costs. Certificates are optional for a small fee."
Adrigizmo Services,Corporate training? (QID-1493),Please visit our official portal at www.adrigizmo.com for detailed information regarding Adrigizmo Services.
ATS Resume Builder,Is it free? (QID-1494),Our ATS Resume Builder is 100% free. It is designed to pass Applicant Tracking Systems. Your data stays in your browser and is not stored on our servers.
Adrigizmo Services,What is Adrigizmo? (QID-1495),Please visit our official portal at www.adrigizmo.com for detailed information regarding Adrigizmo Services.
ATS Resume Builder,Custom templates? (QID-1496),Our ATS Resume Builder is 100% free. It is designed to pass Applicant Tracking Systems. Your data stays in your browser and is not stored on our servers.
Game & Challenge,Purpose of game? (QID-1497),Please visit our official portal at www.adrigizmo.com for detailed information regarding Game & Challenge.
ATS Resume Builder,Privacy of data? (QID-1498),Our ATS Resume Builder is 100% free. It is designed to pass Applicant Tracking Systems. Your data stays in your browser and is not stored on our servers.
Career Guidance,Importance of practical skills? (QID-1499),Continuous upskilling is essential in 2026. Practical skills and accredited certificates often outweigh traditional degrees. Start your upskilling journey with our free accredited tracks.
Game & Challenge,3D Escape Room Challenge? (QID-1500),Please visit our official portal at www.adrigizmo.com for detailed information regarding Game & Challenge.
ATS Resume Builder,Is it free? (QID-1501),Our ATS Resume Builder is 100% free. It is designed to pass Applicant Tracking Systems. Your data stays in your browser and is not stored on our servers.
Career Guidance,How to choose a career? (QID-1502),Continuous upskilling is essential in 2026. Practical skills and accredited certificates often outweigh traditional degrees. Start your upskilling journey with our free accredited tracks.
Career Guidance,Upskilling importance? (QID-1503),Continuous upskilling is essential in 2026. Practical skills and accredited certificates often outweigh traditional degrees. Start your upskilling journey with our free accredited tracks.
Adrigizmo Services,About M.T. Manukumar? (QID-1504),Please visit our official portal at www.adrigizmo.com for detailed information regarding Adrigizmo Services.
Game & Challenge,3D Escape Room Challenge? (QID-1505),Please visit our official portal at www.adrigizmo.com for detailed information regarding Game & Challenge.
Game & Challenge,Purpose of game? (QID-1506),Please visit our official portal at www.adrigizmo.com for detailed information regarding Game & Challenge.
ATS Resume Builder,Is it free? (QID-1507),Our ATS Resume Builder is 100% free. It is designed to pass Applicant Tracking Systems. Your data stays in your browser and is not stored on our servers.
Free Courses,Alison free courses? (QID-1508),"All courses on Alison via ADRIGIZMO are 100% free to learn. You can access 6,000+ courses, modules, and quizzes without upfront costs. Certificates are optional for a small fee."
Free Courses,Accredited certificates? (QID-1509),"All courses on Alison via ADRIGIZMO are 100% free to learn. You can access 6,000+ courses, modules, and quizzes without upfront costs. Certificates are optional for a small fee."
Free Courses,Duration of courses? (QID-1510),"All courses on Alison via ADRIGIZMO are 100% free to learn. You can access 6,000+ courses, modules, and quizzes without upfront costs. Certificates are optional for a small fee."
Game & Challenge,3D Escape Room Challenge? (QID-1511),Please visit our official portal at www.adrigizmo.com for detailed information regarding Game & Challenge.
Career Guidance,Is university degree enough?? (QID-1512),Continuous upskilling is essential in 2026. Practical skills and accredited certificates often outweigh traditional degrees. Start your upskilling journey with our free accredited tracks.
Game & Challenge,Purpose of game? (QID-1513),Please visit our official portal at www.adrigizmo.com for detailed information regarding Game & Challenge.
Adrigizmo Services,Corporate training? (QID-1514),Please visit our official portal at www.adrigizmo.com for detailed information regarding Adrigizmo Services.
Career Guidance,How to choose a career? (QID-1515),Continuous upskilling is essential in 2026. Practical skills and accredited certificates often outweigh traditional degrees. Start your upskilling journey with our free accredited tracks.
ATS Resume Builder,How to build a resume? (QID-1516),Our ATS Resume Builder is 100% free. It is designed to pass Applicant Tracking Systems. Your data stays in your browser and is not stored on our servers.
Adrigizmo Services,About M.T. Manukumar? (QID-1517),Please visit our official portal at www.adrigizmo.com for detailed information regarding Adrigizmo Services.
ATS Resume Builder,How to build a resume? (QID-1518),Our ATS Resume Builder is 100% free. It is designed to pass Applicant Tracking Systems. Your data stays in your browser and is not stored on our servers.
Game & Challenge,How to play? (QID-1519),Please visit our official portal at www.adrigizmo.com for detailed information regarding Game & Challenge.
ATS Resume Builder,How to build a resume? (QID-1520),Our ATS Resume Builder is 100% free. It is designed to pass Applicant Tracking Systems. Your data stays in your browser and is not stored on our servers.
ATS Resume Builder,How to build a resume? (QID-1521),Our ATS Resume Builder is 100% free. It is designed to pass Applicant Tracking Systems. Your data stays in your browser and is not stored on our servers.
Adrigizmo Services,About M.T. Manukumar? (QID-1522),Please visit our official portal at www.adrigizmo.com for detailed information regarding Adrigizmo Services.
Adrigizmo Services,WhatsApp support? (QID-1523),Please visit our official portal at www.adrigizmo.com for detailed information regarding Adrigizmo Services.
Adrigizmo Services,What is Adrigizmo? (QID-1524),Please visit our official portal at www.adrigizmo.com for detailed information regarding Adrigizmo Services.
ATS Resume Builder,Custom templates? (QID-1525),Our ATS Resume Builder is 100% free. It is designed to pass Applicant Tracking Systems. Your data stays in your browser and is not stored on our servers.
Adrigizmo Services,What is Adrigizmo? (QID-1526),Please visit our official portal at www.adrigizmo.com for detailed information regarding Adrigizmo Services.
Adrigizmo Services,What is Adrigizmo? (QID-1527),Please visit our official portal at www.adrigizmo.com for detailed information regarding Adrigizmo Services.
Adrigizmo Services,Contact details? (QID-1528),Please visit our official portal at www.adrigizmo.com for detailed information regarding Adrigizmo Services.
Career Guidance,Career growth in 2026? (QID-1529),Continuous upskilling is essential in 2026. Practical skills and accredited certificates often outweigh traditional degrees. Start your upskilling journey with our free accredited tracks.
Free Courses,Course assessment process? (QID-1530),"All courses on Alison via ADRIGIZMO are 100% free to learn. You can access 6,000+ courses, modules, and quizzes without upfront costs. Certificates are optional for a small fee."
Game & Challenge,Purpose of game? (QID-1531),Please visit our official portal at www.adrigizmo.com for detailed information regarding Game & Challenge.
Free Courses,Course assessment process? (QID-1532),"All courses on Alison via ADRIGIZMO are 100% free to learn. You can access 6,000+ courses, modules, and quizzes without upfront costs. Certificates are optional for a small fee."
Game & Challenge,Field selection? (QID-1533),Please visit our official portal at www.adrigizmo.com for detailed information regarding Game & Challenge.
Free Courses,Course assessment process? (QID-1534),"All courses on Alison via ADRIGIZMO are 100% free to learn. You can access 6,000+ courses, modules, and quizzes without upfront costs. Certificates are optional for a small fee."
Career Guidance,Is university degree enough?? (QID-1535),Continuous upskilling is essential in 2026. Practical skills and accredited certificates often outweigh traditional degrees. Start your upskilling journey with our free accredited tracks.
ATS Resume Builder,Is it free? (QID-1536),Our ATS Resume Builder is 100% free. It is designed to pass Applicant Tracking Systems. Your data stays in your browser and is not stored on our servers.
Adrigizmo Services,About M.T. Manukumar? (QID-1537),Please visit our official portal at www.adrigizmo.com for detailed information regarding Adrigizmo Services.
ATS Resume Builder,How to build a resume? (QID-1538),Our ATS Resume Builder is 100% free. It is designed to pass Applicant Tracking Systems. Your data stays in your browser and is not stored on our servers.
Free Courses,Alison free courses? (QID-1539),"All courses on Alison via ADRIGIZMO are 100% free to learn. You can access 6,000+ courses, modules, and quizzes without upfront costs. Certificates are optional for a small fee."
Free Courses,Course assessment process? (QID-1540),"All courses on Alison via ADRIGIZMO are 100% free to learn. You can access 6,000+ courses, modules, and quizzes without upfront costs. Certificates are optional for a small fee."
Game & Challenge,Field selection? (QID-1541),Please visit our official portal at www.adrigizmo.com for detailed information regarding Game & Challenge.
Career Guidance,Importance of practical skills? (QID-1542),Continuous upskilling is essential in 2026. Practical skills and accredited certificates often outweigh traditional degrees. Start your upskilling journey with our free accredited tracks.
Game & Challenge,Field selection? (QID-1543),Please visit our official portal at www.adrigizmo.com for detailed information regarding Game & Challenge.
Adrigizmo Services,Corporate training? (QID-1544),Please visit our official portal at www.adrigizmo.com for detailed information regarding Adrigizmo Services.
ATS Resume Builder,Is it free? (QID-1545),Our ATS Resume Builder is 100% free. It is designed to pass Applicant Tracking Systems. Your data stays in your browser and is not stored on our servers.
Free Courses,How to register for free? (QID-1546),"All courses on Alison via ADRIGIZMO are 100% free to learn. You can access 6,000+ courses, modules, and quizzes without upfront costs. Certificates are optional for a small fee."
Free Courses,Course assessment process? (QID-1547),"All courses on Alison via ADRIGIZMO are 100% free to learn. You can access 6,000+ courses, modules, and quizzes without upfront costs. Certificates are optional for a small fee."
ATS Resume Builder,Custom templates? (QID-1548),Our ATS Resume Builder is 100% free. It is designed to pass Applicant Tracking Systems. Your data stays in your browser and is not stored on our servers.
Game & Challenge,Field selection? (QID-1549),Please visit our official portal at www.adrigizmo.com for detailed information regarding Game & Challenge.
Game & Challenge,Field selection? (QID-1550),Please visit our official portal at www.adrigizmo.com for detailed information regarding Game & Challenge.
ATS Resume Builder,How to build a resume? (QID-1551),Our ATS Resume Builder is 100% free. It is designed to pass Applicant Tracking Systems. Your data stays in your browser and is not stored on our servers.
ATS Resume Builder,How to build a resume? (QID-1552),Our ATS Resume Builder is 100% free. It is designed to pass Applicant Tracking Systems. Your data stays in your browser and is not stored on our servers.
Free Courses,Duration of courses? (QID-1553),"All courses on Alison via ADRIGIZMO are 100% free to learn. You can access 6,000+ courses, modules, and quizzes without upfront costs. Certificates are optional for a small fee."
Career Guidance,Upskilling importance? (QID-1554),Continuous upskilling is essential in 2026. Practical skills and accredited certificates often outweigh traditional degrees. Start your upskilling journey with our free accredited tracks.
ATS Resume Builder,Custom templates? (QID-1555),Our ATS Resume Builder is 100% free. It is designed to pass Applicant Tracking Systems. Your data stays in your browser and is not stored on our servers.
Adrigizmo Services,What is Adrigizmo? (QID-1556),Please visit our official portal at www.adrigizmo.com for detailed information regarding Adrigizmo Services.
Career Guidance,Is university degree enough?? (QID-1557),Continuous upskilling is essential in 2026. Practical skills and accredited certificates often outweigh traditional degrees. Start your upskilling journey with our free accredited tracks.
Free Courses,Duration of courses? (QID-1558),"All courses on Alison via ADRIGIZMO are 100% free to learn. You can access 6,000+ courses, modules, and quizzes without upfront costs. Certificates are optional for a small fee."
Adrigizmo Services,Contact details? (QID-1559),Please visit our official portal at www.adrigizmo.com for detailed information regarding Adrigizmo Services.
ATS Resume Builder,Privacy of data? (QID-1560),Our ATS Resume Builder is 100% free. It is designed to pass Applicant Tracking Systems. Your data stays in your browser and is not stored on our servers.
Career Guidance,Is university degree enough?? (QID-1561),Continuous upskilling is essential in 2026. Practical skills and accredited certificates often outweigh traditional degrees. Start your upskilling journey with our free accredited tracks.
Adrigizmo Services,Contact details? (QID-1562),Please visit our official portal at www.adrigizmo.com for detailed information regarding Adrigizmo Services.
Career Guidance,Upskilling importance? (QID-1563),Continuous upskilling is essential in 2026. Practical skills and accredited certificates often outweigh traditional degrees. Start your upskilling journey with our free accredited tracks.
Career Guidance,Is university degree enough?? (QID-1564),Continuous upskilling is essential in 2026. Practical skills and accredited certificates often outweigh traditional degrees. Start your upskilling journey with our free accredited tracks.
ATS Resume Builder,What is ATS resume? (QID-1565),Our ATS Resume Builder is 100% free. It is designed to pass Applicant Tracking Systems. Your data stays in your browser and is not stored on our servers.
ATS Resume Builder,Privacy of data? (QID-1566),Our ATS Resume Builder is 100% free. It is designed to pass Applicant Tracking Systems. Your data stays in your browser and is not stored on our servers.
Game & Challenge,3D Escape Room Challenge? (QID-1567),Please visit our official portal at www.adrigizmo.com for detailed information regarding Game & Challenge.
Adrigizmo Services,Contact details? (QID-1568),Please visit our official portal at www.adrigizmo.com for detailed information regarding Adrigizmo Services.
Free Courses,Alison free courses? (QID-1569),"All courses on Alison via ADRIGIZMO are 100% free to learn. You can access 6,000+ courses, modules, and quizzes without upfront costs. Certificates are optional for a small fee."
Career Guidance,Career growth in 2026? (QID-1570),Continuous upskilling is essential in 2026. Practical skills and accredited certificates often outweigh traditional degrees. Start your upskilling journey with our free accredited tracks.
ATS Resume Builder,Privacy of data? (QID-1571),Our ATS Resume Builder is 100% free. It is designed to pass Applicant Tracking Systems. Your data stays in your browser and is not stored on our servers.
ATS Resume Builder,Custom templates? (QID-1572),Our ATS Resume Builder is 100% free. It is designed to pass Applicant Tracking Systems. Your data stays in your browser and is not stored on our servers.
Game & Challenge,Purpose of game? (QID-1573),Please visit our official portal at www.adrigizmo.com for detailed information regarding Game & Challenge.
Adrigizmo Services,Corporate training? (QID-1574),Please visit our official portal at www.adrigizmo.com for detailed information regarding Adrigizmo Services.
Free Courses,How to register for free? (QID-1575),"All courses on Alison via ADRIGIZMO are 100% free to learn. You can access 6,000+ courses, modules, and quizzes without upfront costs. Certificates are optional for a small fee."
Game & Challenge,How to play? (QID-1576),Please visit our official portal at www.adrigizmo.com for detailed information regarding Game & Challenge.
Free Courses,Accredited certificates? (QID-1577),"All courses on Alison via ADRIGIZMO are 100% free to learn. You can access 6,000+ courses, modules, and quizzes without upfront costs. Certificates are optional for a small fee."
Career Guidance,Career growth in 2026? (QID-1578),Continuous upskilling is essential in 2026. Practical skills and accredited certificates often outweigh traditional degrees. Start your upskilling journey with our free accredited tracks.
Game & Challenge,Purpose of game? (QID-1579),Please visit our official portal at www.adrigizmo.com for detailed information regarding Game & Challenge.
Adrigizmo Services,About M.T. Manukumar? (QID-1580),Please visit our official portal at www.adrigizmo.com for detailed information regarding Adrigizmo Services.
Free Courses,Accredited certificates? (QID-1581),"All courses on Alison via ADRIGIZMO are 100% free to learn. You can access 6,000+ courses, modules, and quizzes without upfront costs. Certificates are optional for a small fee."
Game & Challenge,How to play? (QID-1582),Please visit our official portal at www.adrigizmo.com for detailed information regarding Game & Challenge.
Game & Challenge,3D Escape Room Challenge? (QID-1583),Please visit our official portal at www.adrigizmo.com for detailed information regarding Game & Challenge.
ATS Resume Builder,Custom templates? (QID-1584),Our ATS Resume Builder is 100% free. It is designed to pass Applicant Tracking Systems. Your data stays in your browser and is not stored on our servers.
Career Guidance,Career growth in 2026? (QID-1585),Continuous upskilling is essential in 2026. Practical skills and accredited certificates often outweigh traditional degrees. Start your upskilling journey with our free accredited tracks.
Adrigizmo Services,Corporate training? (QID-1586),Please visit our official portal at www.adrigizmo.com for detailed information regarding Adrigizmo Services.
Career Guidance,Career growth in 2026? (QID-1587),Continuous upskilling is essential in 2026. Practical skills and accredited certificates often outweigh traditional degrees. Start your upskilling journey with our free accredited tracks.
Adrigizmo Services,Contact details? (QID-1588),Please visit our official portal at www.adrigizmo.com for detailed information regarding Adrigizmo Services.
Free Courses,Accredited certificates? (QID-1589),"All courses on Alison via ADRIGIZMO are 100% free to learn. You can access 6,000+ courses, modules, and quizzes without upfront costs. Certificates are optional for a small fee."
Free Courses,Duration of courses? (QID-1590),"All courses on Alison via ADRIGIZMO are 100% free to learn. You can access 6,000+ courses, modules, and quizzes without upfront costs. Certificates are optional for a small fee."
Free Courses,Alison free courses? (QID-1591),"All courses on Alison via ADRIGIZMO are 100% free to learn. You can access 6,000+ courses, modules, and quizzes without upfront costs. Certificates are optional for a small fee."
ATS Resume Builder,How to build a resume? (QID-1592),Our ATS Resume Builder is 100% free. It is designed to pass Applicant Tracking Systems. Your data stays in your browser and is not stored on our servers.
ATS Resume Builder,Privacy of data? (QID-1593),Our ATS Resume Builder is 100% free. It is designed to pass Applicant Tracking Systems. Your data stays in your browser and is not stored on our servers.
Game & Challenge,How to play? (QID-1594),Please visit our official portal at www.adrigizmo.com for detailed information regarding Game & Challenge.
ATS Resume Builder,Custom templates? (QID-1595),Our ATS Resume Builder is 100% free. It is designed to pass Applicant Tracking Systems. Your data stays in your browser and is not stored on our servers.
Game & Challenge,Purpose of game? (QID-1596),Please visit our official portal at www.adrigizmo.com for detailed information regarding Game & Challenge.
Adrigizmo Services,WhatsApp support? (QID-1597),Please visit our official portal at www.adrigizmo.com for detailed information regarding Adrigizmo Services.
Game & Challenge,Purpose of game? (QID-1598),Please visit our official portal at www.adrigizmo.com for detailed information regarding Game & Challenge.
Free Courses,How to register for free? (QID-1599),"All courses on Alison via ADRIGIZMO are 100% free to learn. You can access 6,000+ courses, modules, and quizzes without upfront costs. Certificates are optional for a small fee."
Career Guidance,Is university degree enough?? (QID-1600),Continuous upskilling is essential in 2026. Practical skills and accredited certificates often outweigh traditional degrees. Start your upskilling journey with our free accredited tracks.
Free Courses,Alison free courses? (QID-1601),"All courses on Alison via ADRIGIZMO are 100% free to learn. You can access 6,000+ courses, modules, and quizzes without upfront costs. Certificates are optional for a small fee."
Career Guidance,Is university degree enough?? (QID-1602),Continuous upskilling is essential in 2026. Practical skills and accredited certificates often outweigh traditional degrees. Start your upskilling journey with our free accredited tracks.
Game & Challenge,3D Escape Room Challenge? (QID-1603),Please visit our official portal at www.adrigizmo.com for detailed information regarding Game & Challenge.
Game & Challenge,3D Escape Room Challenge? (QID-1604),Please visit our official portal at www.adrigizmo.com for detailed information regarding Game & Challenge.
Adrigizmo Services,Contact details? (QID-1605),Please visit our official portal at www.adrigizmo.com for detailed information regarding Adrigizmo Services.
ATS Resume Builder,How to build a resume? (QID-1606),Our ATS Resume Builder is 100% free. It is designed to pass Applicant Tracking Systems. Your data stays in your browser and is not stored on our servers.
ATS Resume Builder,Custom templates? (QID-1607),Our ATS Resume Builder is 100% free. It is designed to pass Applicant Tracking Systems. Your data stays in your browser and is not stored on our servers.
Adrigizmo Services,Corporate training? (QID-1608),Please visit our official portal at www.adrigizmo.com for detailed information regarding Adrigizmo Services.
Career Guidance,Is university degree enough?? (QID-1609),Continuous upskilling is essential in 2026. Practical skills and accredited certificates often outweigh traditional degrees. Start your upskilling journey with our free accredited tracks.
Game & Challenge,How to play? (QID-1610),Please visit our official portal at www.adrigizmo.com for detailed information regarding Game & Challenge.
Free Courses,How to register for free? (QID-1611),"All courses on Alison via ADRIGIZMO are 100% free to learn. You can access 6,000+ courses, modules, and quizzes without upfront costs. Certificates are optional for a small fee."
Free Courses,How to register for free? (QID-1612),"All courses on Alison via ADRIGIZMO are 100% free to learn. You can access 6,000+ courses, modules, and quizzes without upfront costs. Certificates are optional for a small fee."
Adrigizmo Services,Contact details? (QID-1613),Please visit our official portal at www.adrigizmo.com for detailed information regarding Adrigizmo Services.
Career Guidance,Importance of practical skills? (QID-1614),Continuous upskilling is essential in 2026. Practical skills and accredited certificates often outweigh traditional degrees. Start your upskilling journey with our free accredited tracks.
Adrigizmo Services,About M.T. Manukumar? (QID-1615),Please visit our official portal at www.adrigizmo.com for detailed information regarding Adrigizmo Services.
Adrigizmo Services,Contact details? (QID-1616),Please visit our official portal at www.adrigizmo.com for detailed information regarding Adrigizmo Services.
ATS Resume Builder,What is ATS resume? (QID-1617),Our ATS Resume Builder is 100% free. It is designed to pass Applicant Tracking Systems. Your data stays in your browser and is not stored on our servers.
Career Guidance,Importance of practical skills? (QID-1618),Continuous upskilling is essential in 2026. Practical skills and accredited certificates often outweigh traditional degrees. Start your upskilling journey with our free accredited tracks.
Game & Challenge,Purpose of game? (QID-1619),Please visit our official portal at www.adrigizmo.com for detailed information regarding Game & Challenge.
Free Courses,Course assessment process? (QID-1620),"All courses on Alison via ADRIGIZMO are 100% free to learn. You can access 6,000+ courses, modules, and quizzes without upfront costs. Certificates are optional for a small fee."
Adrigizmo Services,Corporate training? (QID-1621),Please visit our official portal at www.adrigizmo.com for detailed information regarding Adrigizmo Services.
Career Guidance,Is university degree enough?? (QID-1622),Continuous upskilling is essential in 2026. Practical skills and accredited certificates often outweigh traditional degrees. Start your upskilling journey with our free accredited tracks.
Career Guidance,Is university degree enough?? (QID-1623),Continuous upskilling is essential in 2026. Practical skills and accredited certificates often outweigh traditional degrees. Start your upskilling journey with our free accredited tracks.
Game & Challenge,Field selection? (QID-1624),Please visit our official portal at www.adrigizmo.com for detailed information regarding Game & Challenge.
Career Guidance,Upskilling importance? (QID-1625),Continuous upskilling is essential in 2026. Practical skills and accredited certificates often outweigh traditional degrees. Start your upskilling journey with our free accredited tracks.
Adrigizmo Services,About M.T. Manukumar? (QID-1626),Please visit our official portal at www.adrigizmo.com for detailed information regarding Adrigizmo Services.
Game & Challenge,Field selection? (QID-1627),Please visit our official portal at www.adrigizmo.com for detailed information regarding Game & Challenge.
Career Guidance,Upskilling importance? (QID-1628),Continuous upskilling is essential in 2026. Practical skills and accredited certificates often outweigh traditional degrees. Start your upskilling journey with our free accredited tracks.
Career Guidance,Career growth in 2026? (QID-1629),Continuous upskilling is essential in 2026. Practical skills and accredited certificates often outweigh traditional degrees. Start your upskilling journey with our free accredited tracks.
ATS Resume Builder,Privacy of data? (QID-1630),Our ATS Resume Builder is 100% free. It is designed to pass Applicant Tracking Systems. Your data stays in your browser and is not stored on our servers.
Game & Challenge,How to play? (QID-1631),Please visit our official portal at www.adrigizmo.com for detailed information regarding Game & Challenge.
Adrigizmo Services,Contact details? (QID-1632),Please visit our official portal at www.adrigizmo.com for detailed information regarding Adrigizmo Services.
Adrigizmo Services,Corporate training? (QID-1633),Please visit our official portal at www.adrigizmo.com for detailed information regarding Adrigizmo Services.
ATS Resume Builder,Privacy of data? (QID-1634),Our ATS Resume Builder is 100% free. It is designed to pass Applicant Tracking Systems. Your data stays in your browser and is not stored on our servers.
Adrigizmo Services,Corporate training? (QID-1635),Please visit our official portal at www.adrigizmo.com for detailed information regarding Adrigizmo Services.
Adrigizmo Services,About M.T. Manukumar? (QID-1636),Please visit our official portal at www.adrigizmo.com for detailed information regarding Adrigizmo Services.
Career Guidance,Is university degree enough?? (QID-1637),Continuous upskilling is essential in 2026. Practical skills and accredited certificates often outweigh traditional degrees. Start your upskilling journey with our free accredited tracks.
Free Courses,Course assessment process? (QID-1638),"All courses on Alison via ADRIGIZMO are 100% free to learn. You can access 6,000+ courses, modules, and quizzes without upfront costs. Certificates are optional for a small fee."
ATS Resume Builder,How to build a resume? (QID-1639),Our ATS Resume Builder is 100% free. It is designed to pass Applicant Tracking Systems. Your data stays in your browser and is not stored on our servers.
ATS Resume Builder,Is it free? (QID-1640),Our ATS Resume Builder is 100% free. It is designed to pass Applicant Tracking Systems. Your data stays in your browser and is not stored on our servers.
Career Guidance,Is university degree enough?? (QID-1641),Continuous upskilling is essential in 2026. Practical skills and accredited certificates often outweigh traditional degrees. Start your upskilling journey with our free accredited tracks.
Game & Challenge,Field selection? (QID-1642),Please visit our official portal at www.adrigizmo.com for detailed information regarding Game & Challenge.
Adrigizmo Services,Contact details? (QID-1643),Please visit our official portal at www.adrigizmo.com for detailed information regarding Adrigizmo Services.
Game & Challenge,Field selection? (QID-1644),Please visit our official portal at www.adrigizmo.com for detailed information regarding Game & Challenge.
ATS Resume Builder,Privacy of data? (QID-1645),Our ATS Resume Builder is 100% free. It is designed to pass Applicant Tracking Systems. Your data stays in your browser and is not stored on our servers.
Game & Challenge,Field selection? (QID-1646),Please visit our official portal at www.adrigizmo.com for detailed information regarding Game & Challenge.
Career Guidance,How to choose a career? (QID-1647),Continuous upskilling is essential in 2026. Practical skills and accredited certificates often outweigh traditional degrees. Start your upskilling journey with our free accredited tracks.
Game & Challenge,Field selection? (QID-1648),Please visit our official portal at www.adrigizmo.com for detailed information regarding Game & Challenge.
Career Guidance,Career growth in 2026? (QID-1649),Continuous upskilling is essential in 2026. Practical skills and accredited certificates often outweigh traditional degrees. Start your upskilling journey with our free accredited tracks.
ATS Resume Builder,Custom templates? (QID-1650),Our ATS Resume Builder is 100% free. It is designed to pass Applicant Tracking Systems. Your data stays in your browser and is not stored on our servers.
Adrigizmo Services,About M.T. Manukumar? (QID-1651),Please visit our official portal at www.adrigizmo.com for detailed information regarding Adrigizmo Services.
Game & Challenge,Field selection? (QID-1652),Please visit our official portal at www.adrigizmo.com for detailed information regarding Game & Challenge.
Career Guidance,Importance of practical skills? (QID-1653),Continuous upskilling is essential in 2026. Practical skills and accredited certificates often outweigh traditional degrees. Start your upskilling journey with our free accredited tracks.
Career Guidance,How to choose a career? (QID-1654),Continuous upskilling is essential in 2026. Practical skills and accredited certificates often outweigh traditional degrees. Start your upskilling journey with our free accredited tracks.
Adrigizmo Services,Contact details? (QID-1655),Please visit our official portal at www.adrigizmo.com for detailed information regarding Adrigizmo Services.
Free Courses,How to register for free? (QID-1656),"All courses on Alison via ADRIGIZMO are 100% free to learn. You can access 6,000+ courses, modules, and quizzes without upfront costs. Certificates are optional for a small fee."
Game & Challenge,3D Escape Room Challenge? (QID-1657),Please visit our official portal at www.adrigizmo.com for detailed information regarding Game & Challenge.
Adrigizmo Services,WhatsApp support? (QID-1658),Please visit our official portal at www.adrigizmo.com for detailed information regarding Adrigizmo Services.
Free Courses,How to register for free? (QID-1659),"All courses on Alison via ADRIGIZMO are 100% free to learn. You can access 6,000+ courses, modules, and quizzes without upfront costs. Certificates are optional for a small fee."
Game & Challenge,3D Escape Room Challenge? (QID-1660),Please visit our official portal at www.adrigizmo.com for detailed information regarding Game & Challenge.
ATS Resume Builder,How to build a resume? (QID-1661),Our ATS Resume Builder is 100% free. It is designed to pass Applicant Tracking Systems. Your data stays in your browser and is not stored on our servers.
Adrigizmo Services,Corporate training? (QID-1662),Please visit our official portal at www.adrigizmo.com for detailed information regarding Adrigizmo Services.
Adrigizmo Services,What is Adrigizmo? (QID-1663),Please visit our official portal at www.adrigizmo.com for detailed information regarding Adrigizmo Services.
Adrigizmo Services,WhatsApp support? (QID-1664),Please visit our official portal at www.adrigizmo.com for detailed information regarding Adrigizmo Services.
Career Guidance,Upskilling importance? (QID-1665),Continuous upskilling is essential in 2026. Practical skills and accredited certificates often outweigh traditional degrees. Start your upskilling journey with our free accredited tracks.
ATS Resume Builder,What is ATS resume? (QID-1666),Our ATS Resume Builder is 100% free. It is designed to pass Applicant Tracking Systems. Your data stays in your browser and is not stored on our servers.
Adrigizmo Services,What is Adrigizmo? (QID-1667),Please visit our official portal at www.adrigizmo.com for detailed information regarding Adrigizmo Services.
Game & Challenge,Field selection? (QID-1668),Please visit our official portal at www.adrigizmo.com for detailed information regarding Game & Challenge.
Game & Challenge,Field selection? (QID-1669),Please visit our official portal at www.adrigizmo.com for detailed information regarding Game & Challenge.
Free Courses,Alison free courses? (QID-1670),"All courses on Alison via ADRIGIZMO are 100% free to learn. You can access 6,000+ courses, modules, and quizzes without upfront costs. Certificates are optional for a small fee."
ATS Resume Builder,How to build a resume? (QID-1671),Our ATS Resume Builder is 100% free. It is designed to pass Applicant Tracking Systems. Your data stays in your browser and is not stored on our servers.
Adrigizmo Services,Contact details? (QID-1672),Please visit our official portal at www.adrigizmo.com for detailed information regarding Adrigizmo Services.
Game & Challenge,How to play? (QID-1673),Please visit our official portal at www.adrigizmo.com for detailed information regarding Game & Challenge.
Adrigizmo Services,Corporate training? (QID-1674),Please visit our official portal at www.adrigizmo.com for detailed information regarding Adrigizmo Services.
Free Courses,Duration of courses? (QID-1675),"All courses on Alison via ADRIGIZMO are 100% free to learn. You can access 6,000+ courses, modules, and quizzes without upfront costs. Certificates are optional for a small fee."
Adrigizmo Services,What is Adrigizmo? (QID-1676),Please visit our official portal at www.adrigizmo.com for detailed information regarding Adrigizmo Services.
ATS Resume Builder,Custom templates? (QID-1677),Our ATS Resume Builder is 100% free. It is designed to pass Applicant Tracking Systems. Your data stays in your browser and is not stored on our servers.
Free Courses,Course assessment process? (QID-1678),"All courses on Alison via ADRIGIZMO are 100% free to learn. You can access 6,000+ courses, modules, and quizzes without upfront costs. Certificates are optional for a small fee."
Adrigizmo Services,Corporate training? (QID-1679),Please visit our official portal at www.adrigizmo.com for detailed information regarding Adrigizmo Services.
Adrigizmo Services,Corporate training? (QID-1680),Please visit our official portal at www.adrigizmo.com for detailed information regarding Adrigizmo Services.
ATS Resume Builder,What is ATS resume? (QID-1681),Our ATS Resume Builder is 100% free. It is designed to pass Applicant Tracking Systems. Your data stays in your browser and is not stored on our servers.
Free Courses,How to register for free? (QID-1682),"All courses on Alison via ADRIGIZMO are 100% free to learn. You can access 6,000+ courses, modules, and quizzes without upfront costs. Certificates are optional for a small fee."
Career Guidance,Upskilling importance? (QID-1683),Continuous upskilling is essential in 2026. Practical skills and accredited certificates often outweigh traditional degrees. Start your upskilling journey with our free accredited tracks.
ATS Resume Builder,Is it free? (QID-1684),Our ATS Resume Builder is 100% free. It is designed to pass Applicant Tracking Systems. Your data stays in your browser and is not stored on our servers.
Adrigizmo Services,What is Adrigizmo? (QID-1685),Please visit our official portal at www.adrigizmo.com for detailed information regarding Adrigizmo Services.
ATS Resume Builder,Custom templates? (QID-1686),Our ATS Resume Builder is 100% free. It is designed to pass Applicant Tracking Systems. Your data stays in your browser and is not stored on our servers.
ATS Resume Builder,How to build a resume? (QID-1687),Our ATS Resume Builder is 100% free. It is designed to pass Applicant Tracking Systems. Your data stays in your browser and is not stored on our servers.
Game & Challenge,Purpose of game? (QID-1688),Please visit our official portal at www.adrigizmo.com for detailed information regarding Game & Challenge.
Career Guidance,Career growth in 2026? (QID-1689),Continuous upskilling is essential in 2026. Practical skills and accredited certificates often outweigh traditional degrees. Start your upskilling journey with our free accredited tracks.
ATS Resume Builder,What is ATS resume? (QID-1690),Our ATS Resume Builder is 100% free. It is designed to pass Applicant Tracking Systems. Your data stays in your browser and is not stored on our servers.
Career Guidance,Importance of practical skills? (QID-1691),Continuous upskilling is essential in 2026. Practical skills and accredited certificates often outweigh traditional degrees. Start your upskilling journey with our free accredited tracks.
Free Courses,Duration of courses? (QID-1692),"All courses on Alison via ADRIGIZMO are 100% free to learn. You can access 6,000+ courses, modules, and quizzes without upfront costs. Certificates are optional for a small fee."
Game & Challenge,Purpose of game? (QID-1693),Please visit our official portal at www.adrigizmo.com for detailed information regarding Game & Challenge.
Free Courses,Course assessment process? (QID-1694),"All courses on Alison via ADRIGIZMO are 100% free to learn. You can access 6,000+ courses, modules, and quizzes without upfront costs. Certificates are optional for a small fee."
Game & Challenge,3D Escape Room Challenge? (QID-1695),Please visit our official portal at www.adrigizmo.com for detailed information regarding Game & Challenge.
Career Guidance,Importance of practical skills? (QID-1696),Continuous upskilling is essential in 2026. Practical skills and accredited certificates often outweigh traditional degrees. Start your upskilling journey with our free accredited tracks.
Free Courses,Alison free courses? (QID-1697),"All courses on Alison via ADRIGIZMO are 100% free to learn. You can access 6,000+ courses, modules, and quizzes without upfront costs. Certificates are optional for a small fee."
ATS Resume Builder,What is ATS resume? (QID-1698),Our ATS Resume Builder is 100% free. It is designed to pass Applicant Tracking Systems. Your data stays in your browser and is not stored on our servers.
ATS Resume Builder,What is ATS resume? (QID-1699),Our ATS Resume Builder is 100% free. It is designed to pass Applicant Tracking Systems. Your data stays in your browser and is not stored on our servers.
Free Courses,Alison free courses? (QID-1700),"All courses on Alison via ADRIGIZMO are 100% free to learn. You can access 6,000+ courses, modules, and quizzes without upfront costs. Certificates are optional for a small fee."
Career Guidance,Importance of practical skills? (QID-1701),Continuous upskilling is essential in 2026. Practical skills and accredited certificates often outweigh traditional degrees. Start your upskilling journey with our free accredited tracks.
Free Courses,Alison free courses? (QID-1702),"All courses on Alison via ADRIGIZMO are 100% free to learn. You can access 6,000+ courses, modules, and quizzes without upfront costs. Certificates are optional for a small fee."
Game & Challenge,Purpose of game? (QID-1703),Please visit our official portal at www.adrigizmo.com for detailed information regarding Game & Challenge.
ATS Resume Builder,Is it free? (QID-1704),Our ATS Resume Builder is 100% free. It is designed to pass Applicant Tracking Systems. Your data stays in your browser and is not stored on our servers.
Career Guidance,Is university degree enough?? (QID-1705),Continuous upskilling is essential in 2026. Practical skills and accredited certificates often outweigh traditional degrees. Start your upskilling journey with our free accredited tracks.
Career Guidance,Upskilling importance? (QID-1706),Continuous upskilling is essential in 2026. Practical skills and accredited certificates often outweigh traditional degrees. Start your upskilling journey with our free accredited tracks.
Adrigizmo Services,WhatsApp support? (QID-1707),Please visit our official portal at www.adrigizmo.com for detailed information regarding Adrigizmo Services.
Career Guidance,How to choose a career? (QID-1708),Continuous upskilling is essential in 2026. Practical skills and accredited certificates often outweigh traditional degrees. Start your upskilling journey with our free accredited tracks.
Free Courses,Accredited certificates? (QID-1709),"All courses on Alison via ADRIGIZMO are 100% free to learn. You can access 6,000+ courses, modules, and quizzes without upfront costs. Certificates are optional for a small fee."
Game & Challenge,3D Escape Room Challenge? (QID-1710),Please visit our official portal at www.adrigizmo.com for detailed information regarding Game & Challenge.
Game & Challenge,3D Escape Room Challenge? (QID-1711),Please visit our official portal at www.adrigizmo.com for detailed information regarding Game & Challenge.
ATS Resume Builder,Privacy of data? (QID-1712),Our ATS Resume Builder is 100% free. It is designed to pass Applicant Tracking Systems. Your data stays in your browser and is not stored on our servers.
ATS Resume Builder,Privacy of data? (QID-1713),Our ATS Resume Builder is 100% free. It is designed to pass Applicant Tracking Systems. Your data stays in your browser and is not stored on our servers.
Adrigizmo Services,About M.T. Manukumar? (QID-1714),Please visit our official portal at www.adrigizmo.com for detailed information regarding Adrigizmo Services.
ATS Resume Builder,Custom templates? (QID-1715),Our ATS Resume Builder is 100% free. It is designed to pass Applicant Tracking Systems. Your data stays in your browser and is not stored on our servers.
Career Guidance,Is university degree enough?? (QID-1716),Continuous upskilling is essential in 2026. Practical skills and accredited certificates often outweigh traditional degrees. Start your upskilling journey with our free accredited tracks.
Game & Challenge,Field selection? (QID-1717),Please visit our official portal at www.adrigizmo.com for detailed information regarding Game & Challenge.
Career Guidance,Is university degree enough?? (QID-1718),Continuous upskilling is essential in 2026. Practical skills and accredited certificates often outweigh traditional degrees. Start your upskilling journey with our free accredited tracks.
Free Courses,Duration of courses? (QID-1719),"All courses on Alison via ADRIGIZMO are 100% free to learn. You can access 6,000+ courses, modules, and quizzes without upfront costs. Certificates are optional for a small fee."
Game & Challenge,Purpose of game? (QID-1720),Please visit our official portal at www.adrigizmo.com for detailed information regarding Game & Challenge.
Adrigizmo Services,About M.T. Manukumar? (QID-1721),Please visit our official portal at www.adrigizmo.com for detailed information regarding Adrigizmo Services.
Career Guidance,How to choose a career? (QID-1722),Continuous upskilling is essential in 2026. Practical skills and accredited certificates often outweigh traditional degrees. Start your upskilling journey with our free accredited tracks.
Adrigizmo Services,Corporate training? (QID-1723),Please visit our official portal at www.adrigizmo.com for detailed information regarding Adrigizmo Services.
Free Courses,Duration of courses? (QID-1724),"All courses on Alison via ADRIGIZMO are 100% free to learn. You can access 6,000+ courses, modules, and quizzes without upfront costs. Certificates are optional for a small fee."
Adrigizmo Services,About M.T. Manukumar? (QID-1725),Please visit our official portal at www.adrigizmo.com for detailed information regarding Adrigizmo Services.
Career Guidance,Is university degree enough?? (QID-1726),Continuous upskilling is essential in 2026. Practical skills and accredited certificates often outweigh traditional degrees. Start your upskilling journey with our free accredited tracks.
Free Courses,How to register for free? (QID-1727),"All courses on Alison via ADRIGIZMO are 100% free to learn. You can access 6,000+ courses, modules, and quizzes without upfront costs. Certificates are optional for a small fee."
Career Guidance,Importance of practical skills? (QID-1728),Continuous upskilling is essential in 2026. Practical skills and accredited certificates often outweigh traditional degrees. Start your upskilling journey with our free accredited tracks.
Game & Challenge,3D Escape Room Challenge? (QID-1729),Please visit our official portal at www.adrigizmo.com for detailed information regarding Game & Challenge.
Game & Challenge,Field selection? (QID-1730),Please visit our official portal at www.adrigizmo.com for detailed information regarding Game & Challenge.
ATS Resume Builder,Custom templates? (QID-1731),Our ATS Resume Builder is 100% free. It is designed to pass Applicant Tracking Systems. Your data stays in your browser and is not stored on our servers.
Adrigizmo Services,What is Adrigizmo? (QID-1732),Please visit our official portal at www.adrigizmo.com for detailed information regarding Adrigizmo Services.
Career Guidance,Upskilling importance? (QID-1733),Continuous upskilling is essential in 2026. Practical skills and accredited certificates often outweigh traditional degrees. Start your upskilling journey with our free accredited tracks.
Adrigizmo Services,What is Adrigizmo? (QID-1734),Please visit our official portal at www.adrigizmo.com for detailed information regarding Adrigizmo Services.
Game & Challenge,How to play? (QID-1735),Please visit our official portal at www.adrigizmo.com for detailed information regarding Game & Challenge.
Free Courses,How to register for free? (QID-1736),"All courses on Alison via ADRIGIZMO are 100% free to learn. You can access 6,000+ courses, modules, and quizzes without upfront costs. Certificates are optional for a small fee."
Game & Challenge,3D Escape Room Challenge? (QID-1737),Please visit our official portal at www.adrigizmo.com for detailed information regarding Game & Challenge.
ATS Resume Builder,What is ATS resume? (QID-1738),Our ATS Resume Builder is 100% free. It is designed to pass Applicant Tracking Systems. Your data stays in your browser and is not stored on our servers.
ATS Resume Builder,Privacy of data? (QID-1739),Our ATS Resume Builder is 100% free. It is designed to pass Applicant Tracking Systems. Your data stays in your browser and is not stored on our servers.
Game & Challenge,Purpose of game? (QID-1740),Please visit our official portal at www.adrigizmo.com for detailed information regarding Game & Challenge.
Game & Challenge,Purpose of game? (QID-1741),Please visit our official portal at www.adrigizmo.com for detailed information regarding Game & Challenge.
Game & Challenge,Field selection? (QID-1742),Please visit our official portal at www.adrigizmo.com for detailed information regarding Game & Challenge.
Game & Challenge,Purpose of game? (QID-1743),Please visit our official portal at www.adrigizmo.com for detailed information regarding Game & Challenge.
ATS Resume Builder,Is it free? (QID-1744),Our ATS Resume Builder is 100% free. It is designed to pass Applicant Tracking Systems. Your data stays in your browser and is not stored on our servers.
Career Guidance,Is university degree enough?? (QID-1745),Continuous upskilling is essential in 2026. Practical skills and accredited certificates often outweigh traditional degrees. Start your upskilling journey with our free accredited tracks.
Free Courses,Duration of courses? (QID-1746),"All courses on Alison via ADRIGIZMO are 100% free to learn. You can access 6,000+ courses, modules, and quizzes without upfront costs. Certificates are optional for a small fee."
ATS Resume Builder,How to build a resume? (QID-1747),Our ATS Resume Builder is 100% free. It is designed to pass Applicant Tracking Systems. Your data stays in your browser and is not stored on our servers.
Adrigizmo Services,WhatsApp support? (QID-1748),Please visit our official portal at www.adrigizmo.com for detailed information regarding Adrigizmo Services.
Game & Challenge,3D Escape Room Challenge? (QID-1749),Please visit our official portal at www.adrigizmo.com for detailed information regarding Game & Challenge.
Adrigizmo Services,Contact details? (QID-1750),Please visit our official portal at www.adrigizmo.com for detailed information regarding Adrigizmo Services.
Game & Challenge,Purpose of game? (QID-1751),Please visit our official portal at www.adrigizmo.com for detailed information regarding Game & Challenge.
Career Guidance,Upskilling importance? (QID-1752),Continuous upskilling is essential in 2026. Practical skills and accredited certificates often outweigh traditional degrees. Start your upskilling journey with our free accredited tracks.
Free Courses,Duration of courses? (QID-1753),"All courses on Alison via ADRIGIZMO are 100% free to learn. You can access 6,000+ courses, modules, and quizzes without upfront costs. Certificates are optional for a small fee."
Career Guidance,Is university degree enough?? (QID-1754),Continuous upskilling is essential in 2026. Practical skills and accredited certificates often outweigh traditional degrees. Start your upskilling journey with our free accredited tracks.
Adrigizmo Services,Contact details? (QID-1755),Please visit our official portal at www.adrigizmo.com for detailed information regarding Adrigizmo Services.
ATS Resume Builder,Is it free? (QID-1756),Our ATS Resume Builder is 100% free. It is designed to pass Applicant Tracking Systems. Your data stays in your browser and is not stored on our servers.
ATS Resume Builder,What is ATS resume? (QID-1757),Our ATS Resume Builder is 100% free. It is designed to pass Applicant Tracking Systems. Your data stays in your browser and is not stored on our servers.
Free Courses,Course assessment process? (QID-1758),"All courses on Alison via ADRIGIZMO are 100% free to learn. You can access 6,000+ courses, modules, and quizzes without upfront costs. Certificates are optional for a small fee."
ATS Resume Builder,Is it free? (QID-1759),Our ATS Resume Builder is 100% free. It is designed to pass Applicant Tracking Systems. Your data stays in your browser and is not stored on our servers.
Game & Challenge,How to play? (QID-1760),Please visit our official portal at www.adrigizmo.com for detailed information regarding Game & Challenge.
Adrigizmo Services,WhatsApp support? (QID-1761),Please visit our official portal at www.adrigizmo.com for detailed information regarding Adrigizmo Services.
Adrigizmo Services,What is Adrigizmo? (QID-1762),Please visit our official portal at www.adrigizmo.com for detailed information regarding Adrigizmo Services.
Career Guidance,Is university degree enough?? (QID-1763),Continuous upskilling is essential in 2026. Practical skills and accredited certificates often outweigh traditional degrees. Start your upskilling journey with our free accredited tracks.
Free Courses,Duration of courses? (QID-1764),"All courses on Alison via ADRIGIZMO are 100% free to learn. You can access 6,000+ courses, modules, and quizzes without upfront costs. Certificates are optional for a small fee."
Free Courses,Course assessment process? (QID-1765),"All courses on Alison via ADRIGIZMO are 100% free to learn. You can access 6,000+ courses, modules, and quizzes without upfront costs. Certificates are optional for a small fee."
Free Courses,Accredited certificates? (QID-1766),"All courses on Alison via ADRIGIZMO are 100% free to learn. You can access 6,000+ courses, modules, and quizzes without upfront costs. Certificates are optional for a small fee."
Adrigizmo Services,About M.T. Manukumar? (QID-1767),Please visit our official portal at www.adrigizmo.com for detailed information regarding Adrigizmo Services.
Career Guidance,How to choose a career? (QID-1768),Continuous upskilling is essential in 2026. Practical skills and accredited certificates often outweigh traditional degrees. Start your upskilling journey with our free accredited tracks.
Career Guidance,Upskilling importance? (QID-1769),Continuous upskilling is essential in 2026. Practical skills and accredited certificates often outweigh traditional degrees. Start your upskilling journey with our free accredited tracks.
Adrigizmo Services,Contact details? (QID-1770),Please visit our official portal at www.adrigizmo.com for detailed information regarding Adrigizmo Services.
Game & Challenge,Field selection? (QID-1771),Please visit our official portal at www.adrigizmo.com for detailed information regarding Game & Challenge.
Free Courses,Duration of courses? (QID-1772),"All courses on Alison via ADRIGIZMO are 100% free to learn. You can access 6,000+ courses, modules, and quizzes without upfront costs. Certificates are optional for a small fee."
ATS Resume Builder,Privacy of data? (QID-1773),Our ATS Resume Builder is 100% free. It is designed to pass Applicant Tracking Systems. Your data stays in your browser and is not stored on our servers.
Career Guidance,Importance of practical skills? (QID-1774),Continuous upskilling is essential in 2026. Practical skills and accredited certificates often outweigh traditional degrees. Start your upskilling journey with our free accredited tracks.
Career Guidance,Importance of practical skills? (QID-1775),Continuous upskilling is essential in 2026. Practical skills and accredited certificates often outweigh traditional degrees. Start your upskilling journey with our free accredited tracks.
Game & Challenge,Purpose of game? (QID-1776),Please visit our official portal at www.adrigizmo.com for detailed information regarding Game & Challenge.
Adrigizmo Services,About M.T. Manukumar? (QID-1777),Please visit our official portal at www.adrigizmo.com for detailed information regarding Adrigizmo Services.
Game & Challenge,Field selection? (QID-1778),Please visit our official portal at www.adrigizmo.com for detailed information regarding Game & Challenge.
ATS Resume Builder,What is ATS resume? (QID-1779),Our ATS Resume Builder is 100% free. It is designed to pass Applicant Tracking Systems. Your data stays in your browser and is not stored on our servers.
Game & Challenge,Field selection? (QID-1780),Please visit our official portal at www.adrigizmo.com for detailed information regarding Game & Challenge.
Game & Challenge,How to play? (QID-1781),Please visit our official portal at www.adrigizmo.com for detailed information regarding Game & Challenge.
Adrigizmo Services,Contact details? (QID-1782),Please visit our official portal at www.adrigizmo.com for detailed information regarding Adrigizmo Services.
Game & Challenge,Purpose of game? (QID-1783),Please visit our official portal at www.adrigizmo.com for detailed information regarding Game & Challenge.
Free Courses,Duration of courses? (QID-1784),"All courses on Alison via ADRIGIZMO are 100% free to learn. You can access 6,000+ courses, modules, and quizzes without upfront costs. Certificates are optional for a small fee."
Free Courses,Course assessment process? (QID-1785),"All courses on Alison via ADRIGIZMO are 100% free to learn. You can access 6,000+ courses, modules, and quizzes without upfront costs. Certificates are optional for a small fee."
Adrigizmo Services,About M.T. Manukumar? (QID-1786),Please visit our official portal at www.adrigizmo.com for detailed information regarding Adrigizmo Services.
Adrigizmo Services,Contact details? (QID-1787),Please visit our official portal at www.adrigizmo.com for detailed information regarding Adrigizmo Services.
Game & Challenge,3D Escape Room Challenge? (QID-1788),Please visit our official portal at www.adrigizmo.com for detailed information regarding Game & Challenge.
Free Courses,How to register for free? (QID-1789),"All courses on Alison via ADRIGIZMO are 100% free to learn. You can access 6,000+ courses, modules, and quizzes without upfront costs. Certificates are optional for a small fee."
Game & Challenge,How to play? (QID-1790),Please visit our official portal at www.adrigizmo.com for detailed information regarding Game & Challenge.
Adrigizmo Services,What is Adrigizmo? (QID-1791),Please visit our official portal at www.adrigizmo.com for detailed information regarding Adrigizmo Services.
ATS Resume Builder,Custom templates? (QID-1792),Our ATS Resume Builder is 100% free. It is designed to pass Applicant Tracking Systems. Your data stays in your browser and is not stored on our servers.
Adrigizmo Services,What is Adrigizmo? (QID-1793),Please visit our official portal at www.adrigizmo.com for detailed information regarding Adrigizmo Services.
Game & Challenge,Field selection? (QID-1794),Please visit our official portal at www.adrigizmo.com for detailed information regarding Game & Challenge.
Free Courses,Duration of courses? (QID-1795),"All courses on Alison via ADRIGIZMO are 100% free to learn. You can access 6,000+ courses, modules, and quizzes without upfront costs. Certificates are optional for a small fee."
ATS Resume Builder,Custom templates? (QID-1796),Our ATS Resume Builder is 100% free. It is designed to pass Applicant Tracking Systems. Your data stays in your browser and is not stored on our servers.
Free Courses,How to register for free? (QID-1797),"All courses on Alison via ADRIGIZMO are 100% free to learn. You can access 6,000+ courses, modules, and quizzes without upfront costs. Certificates are optional for a small fee."
ATS Resume Builder,What is ATS resume? (QID-1798),Our ATS Resume Builder is 100% free. It is designed to pass Applicant Tracking Systems. Your data stays in your browser and is not stored on our servers.
Game & Challenge,3D Escape Room Challenge? (QID-1799),Please visit our official portal at www.adrigizmo.com for detailed information regarding Game & Challenge.
Game & Challenge,3D Escape Room Challenge? (QID-1800),Please visit our official portal at www.adrigizmo.com for detailed information regarding Game & Challenge.
Free Courses,Alison free courses? (QID-1801),"All courses on Alison via ADRIGIZMO are 100% free to learn. You can access 6,000+ courses, modules, and quizzes without upfront costs. Certificates are optional for a small fee."
Adrigizmo Services,WhatsApp support? (QID-1802),Please visit our official portal at www.adrigizmo.com for detailed information regarding Adrigizmo Services.
ATS Resume Builder,What is ATS resume? (QID-1803),Our ATS Resume Builder is 100% free. It is designed to pass Applicant Tracking Systems. Your data stays in your browser and is not stored on our servers.
Adrigizmo Services,WhatsApp support? (QID-1804),Please visit our official portal at www.adrigizmo.com for detailed information regarding Adrigizmo Services.
Free Courses,Course assessment process? (QID-1805),"All courses on Alison via ADRIGIZMO are 100% free to learn. You can access 6,000+ courses, modules, and quizzes without upfront costs. Certificates are optional for a small fee."
ATS Resume Builder,What is ATS resume? (QID-1806),Our ATS Resume Builder is 100% free. It is designed to pass Applicant Tracking Systems. Your data stays in your browser and is not stored on our servers.
Adrigizmo Services,What is Adrigizmo? (QID-1807),Please visit our official portal at www.adrigizmo.com for detailed information regarding Adrigizmo Services.
Adrigizmo Services,What is Adrigizmo? (QID-1808),Please visit our official portal at www.adrigizmo.com for detailed information regarding Adrigizmo Services.
Game & Challenge,Purpose of game? (QID-1809),Please visit our official portal at www.adrigizmo.com for detailed information regarding Game & Challenge.
Free Courses,Accredited certificates? (QID-1810),"All courses on Alison via ADRIGIZMO are 100% free to learn. You can access 6,000+ courses, modules, and quizzes without upfront costs. Certificates are optional for a small fee."
Free Courses,Accredited certificates? (QID-1811),"All courses on Alison via ADRIGIZMO are 100% free to learn. You can access 6,000+ courses, modules, and quizzes without upfront costs. Certificates are optional for a small fee."
Free Courses,How to register for free? (QID-1812),"All courses on Alison via ADRIGIZMO are 100% free to learn. You can access 6,000+ courses, modules, and quizzes without upfront costs. Certificates are optional for a small fee."
Game & Challenge,How to play? (QID-1813),Please visit our official portal at www.adrigizmo.com for detailed information regarding Game & Challenge.
ATS Resume Builder,Privacy of data? (QID-1814),Our ATS Resume Builder is 100% free. It is designed to pass Applicant Tracking Systems. Your data stays in your browser and is not stored on our servers.
Free Courses,How to register for free? (QID-1815),"All courses on Alison via ADRIGIZMO are 100% free to learn. You can access 6,000+ courses, modules, and quizzes without upfront costs. Certificates are optional for a small fee."
Career Guidance,How to choose a career? (QID-1816),Continuous upskilling is essential in 2026. Practical skills and accredited certificates often outweigh traditional degrees. Start your upskilling journey with our free accredited tracks.
ATS Resume Builder,Privacy of data? (QID-1817),Our ATS Resume Builder is 100% free. It is designed to pass Applicant Tracking Systems. Your data stays in your browser and is not stored on our servers.
Free Courses,How to register for free? (QID-1818),"All courses on Alison via ADRIGIZMO are 100% free to learn. You can access 6,000+ courses, modules, and quizzes without upfront costs. Certificates are optional for a small fee."
ATS Resume Builder,How to build a resume? (QID-1819),Our ATS Resume Builder is 100% free. It is designed to pass Applicant Tracking Systems. Your data stays in your browser and is not stored on our servers.
ATS Resume Builder,How to build a resume? (QID-1820),Our ATS Resume Builder is 100% free. It is designed to pass Applicant Tracking Systems. Your data stays in your browser and is not stored on our servers.
Game & Challenge,Purpose of game? (QID-1821),Please visit our official portal at www.adrigizmo.com for detailed information regarding Game & Challenge.
Career Guidance,How to choose a career? (QID-1822),Continuous upskilling is essential in 2026. Practical skills and accredited certificates often outweigh traditional degrees. Start your upskilling journey with our free accredited tracks.
ATS Resume Builder,How to build a resume? (QID-1823),Our ATS Resume Builder is 100% free. It is designed to pass Applicant Tracking Systems. Your data stays in your browser and is not stored on our servers.
Game & Challenge,Purpose of game? (QID-1824),Please visit our official portal at www.adrigizmo.com for detailed information regarding Game & Challenge.
Career Guidance,Upskilling importance? (QID-1825),Continuous upskilling is essential in 2026. Practical skills and accredited certificates often outweigh traditional degrees. Start your upskilling journey with our free accredited tracks.
Free Courses,Course assessment process? (QID-1826),"All courses on Alison via ADRIGIZMO are 100% free to learn. You can access 6,000+ courses, modules, and quizzes without upfront costs. Certificates are optional for a small fee."
Game & Challenge,Purpose of game? (QID-1827),Please visit our official portal at www.adrigizmo.com for detailed information regarding Game & Challenge.
Career Guidance,How to choose a career? (QID-1828),Continuous upskilling is essential in 2026. Practical skills and accredited certificates often outweigh traditional degrees. Start your upskilling journey with our free accredited tracks.
Adrigizmo Services,Contact details? (QID-1829),Please visit our official portal at www.adrigizmo.com for detailed information regarding Adrigizmo Services.
Game & Challenge,3D Escape Room Challenge? (QID-1830),Please visit our official portal at www.adrigizmo.com for detailed information regarding Game & Challenge.
Adrigizmo Services,Corporate training? (QID-1831),Please visit our official portal at www.adrigizmo.com for detailed information regarding Adrigizmo Services.
Career Guidance,How to choose a career? (QID-1832),Continuous upskilling is essential in 2026. Practical skills and accredited certificates often outweigh traditional degrees. Start your upskilling journey with our free accredited tracks.
Career Guidance,Importance of practical skills? (QID-1833),Continuous upskilling is essential in 2026. Practical skills and accredited certificates often outweigh traditional degrees. Start your upskilling journey with our free accredited tracks.
Free Courses,Accredited certificates? (QID-1834),"All courses on Alison via ADRIGIZMO are 100% free to learn. You can access 6,000+ courses, modules, and quizzes without upfront costs. Certificates are optional for a small fee."
ATS Resume Builder,Privacy of data? (QID-1835),Our ATS Resume Builder is 100% free. It is designed to pass Applicant Tracking Systems. Your data stays in your browser and is not stored on our servers.
Career Guidance,Career growth in 2026? (QID-1836),Continuous upskilling is essential in 2026. Practical skills and accredited certificates often outweigh traditional degrees. Start your upskilling journey with our free accredited tracks.
Adrigizmo Services,WhatsApp support? (QID-1837),Please visit our official portal at www.adrigizmo.com for detailed information regarding Adrigizmo Services.
ATS Resume Builder,Custom templates? (QID-1838),Our ATS Resume Builder is 100% free. It is designed to pass Applicant Tracking Systems. Your data stays in your browser and is not stored on our servers.
Adrigizmo Services,What is Adrigizmo? (QID-1839),Please visit our official portal at www.adrigizmo.com for detailed information regarding Adrigizmo Services.
Free Courses,Course assessment process? (QID-1840),"All courses on Alison via ADRIGIZMO are 100% free to learn. You can access 6,000+ courses, modules, and quizzes without upfront costs. Certificates are optional for a small fee."
Free Courses,How to register for free? (QID-1841),"All courses on Alison via ADRIGIZMO are 100% free to learn. You can access 6,000+ courses, modules, and quizzes without upfront costs. Certificates are optional for a small fee."
Adrigizmo Services,WhatsApp support? (QID-1842),Please visit our official portal at www.adrigizmo.com for detailed information regarding Adrigizmo Services.
Game & Challenge,How to play? (QID-1843),Please visit our official portal at www.adrigizmo.com for detailed information regarding Game & Challenge.
ATS Resume Builder,Custom templates? (QID-1844),Our ATS Resume Builder is 100% free. It is designed to pass Applicant Tracking Systems. Your data stays in your browser and is not stored on our servers.
Free Courses,Alison free courses? (QID-1845),"All courses on Alison via ADRIGIZMO are 100% free to learn. You can access 6,000+ courses, modules, and quizzes without upfront costs. Certificates are optional for a small fee."
Career Guidance,Is university degree enough?? (QID-1846),Continuous upskilling is essential in 2026. Practical skills and accredited certificates often outweigh traditional degrees. Start your upskilling journey with our free accredited tracks.
Free Courses,How to register for free? (QID-1847),"All courses on Alison via ADRIGIZMO are 100% free to learn. You can access 6,000+ courses, modules, and quizzes without upfront costs. Certificates are optional for a small fee."
Free Courses,Accredited certificates? (QID-1848),"All courses on Alison via ADRIGIZMO are 100% free to learn. You can access 6,000+ courses, modules, and quizzes without upfront costs. Certificates are optional for a small fee."
ATS Resume Builder,Custom templates? (QID-1849),Our ATS Resume Builder is 100% free. It is designed to pass Applicant Tracking Systems. Your data stays in your browser and is not stored on our servers.
Free Courses,Alison free courses? (QID-1850),"All courses on Alison via ADRIGIZMO are 100% free to learn. You can access 6,000+ courses, modules, and quizzes without upfront costs. Certificates are optional for a small fee."
Free Courses,How to register for free? (QID-1851),"All courses on Alison via ADRIGIZMO are 100% free to learn. You can access 6,000+ courses, modules, and quizzes without upfront costs. Certificates are optional for a small fee."
Adrigizmo Services,About M.T. Manukumar? (QID-1852),Please visit our official portal at www.adrigizmo.com for detailed information regarding Adrigizmo Services.
Game & Challenge,How to play? (QID-1853),Please visit our official portal at www.adrigizmo.com for detailed information regarding Game & Challenge.
Game & Challenge,3D Escape Room Challenge? (QID-1854),Please visit our official portal at www.adrigizmo.com for detailed information regarding Game & Challenge.
ATS Resume Builder,Custom templates? (QID-1855),Our ATS Resume Builder is 100% free. It is designed to pass Applicant Tracking Systems. Your data stays in your browser and is not stored on our servers.
Career Guidance,How to choose a career? (QID-1856),Continuous upskilling is essential in 2026. Practical skills and accredited certificates often outweigh traditional degrees. Start your upskilling journey with our free accredited tracks.
Game & Challenge,3D Escape Room Challenge? (QID-1857),Please visit our official portal at www.adrigizmo.com for detailed information regarding Game & Challenge.
ATS Resume Builder,Custom templates? (QID-1858),Our ATS Resume Builder is 100% free. It is designed to pass Applicant Tracking Systems. Your data stays in your browser and is not stored on our servers.
Career Guidance,Importance of practical skills? (QID-1859),Continuous upskilling is essential in 2026. Practical skills and accredited certificates often outweigh traditional degrees. Start your upskilling journey with our free accredited tracks.
Game & Challenge,Field selection? (QID-1860),Please visit our official portal at www.adrigizmo.com for detailed information regarding Game & Challenge.
ATS Resume Builder,How to build a resume? (QID-1861),Our ATS Resume Builder is 100% free. It is designed to pass Applicant Tracking Systems. Your data stays in your browser and is not stored on our servers.
Free Courses,Course assessment process? (QID-1862),"All courses on Alison via ADRIGIZMO are 100% free to learn. You can access 6,000+ courses, modules, and quizzes without upfront costs. Certificates are optional for a small fee."
Adrigizmo Services,Corporate training? (QID-1863),Please visit our official portal at www.adrigizmo.com for detailed information regarding Adrigizmo Services.
ATS Resume Builder,What is ATS resume? (QID-1864),Our ATS Resume Builder is 100% free. It is designed to pass Applicant Tracking Systems. Your data stays in your browser and is not stored on our servers.
Career Guidance,Upskilling importance? (QID-1865),Continuous upskilling is essential in 2026. Practical skills and accredited certificates often outweigh traditional degrees. Start your upskilling journey with our free accredited tracks.
Game & Challenge,How to play? (QID-1866),Please visit our official portal at www.adrigizmo.com for detailed information regarding Game & Challenge.
Game & Challenge,3D Escape Room Challenge? (QID-1867),Please visit our official portal at www.adrigizmo.com for detailed information regarding Game & Challenge.
Game & Challenge,3D Escape Room Challenge? (QID-1868),Please visit our official portal at www.adrigizmo.com for detailed information regarding Game & Challenge.
ATS Resume Builder,Custom templates? (QID-1869),Our ATS Resume Builder is 100% free. It is designed to pass Applicant Tracking Systems. Your data stays in your browser and is not stored on our servers.
ATS Resume Builder,How to build a resume? (QID-1870),Our ATS Resume Builder is 100% free. It is designed to pass Applicant Tracking Systems. Your data stays in your browser and is not stored on our servers.
Career Guidance,Upskilling importance? (QID-1871),Continuous upskilling is essential in 2026. Practical skills and accredited certificates often outweigh traditional degrees. Start your upskilling journey with our free accredited tracks.
ATS Resume Builder,What is ATS resume? (QID-1872),Our ATS Resume Builder is 100% free. It is designed to pass Applicant Tracking Systems. Your data stays in your browser and is not stored on our servers.
ATS Resume Builder,What is ATS resume? (QID-1873),Our ATS Resume Builder is 100% free. It is designed to pass Applicant Tracking Systems. Your data stays in your browser and is not stored on our servers.
Adrigizmo Services,Corporate training? (QID-1874),Please visit our official portal at www.adrigizmo.com for detailed information regarding Adrigizmo Services.
Career Guidance,Is university degree enough?? (QID-1875),Continuous upskilling is essential in 2026. Practical skills and accredited certificates often outweigh traditional degrees. Start your upskilling journey with our free accredited tracks.
Career Guidance,Importance of practical skills? (QID-1876),Continuous upskilling is essential in 2026. Practical skills and accredited certificates often outweigh traditional degrees. Start your upskilling journey with our free accredited tracks.
Game & Challenge,How to play? (QID-1877),Please visit our official portal at www.adrigizmo.com for detailed information regarding Game & Challenge.
Career Guidance,Career growth in 2026? (QID-1878),Continuous upskilling is essential in 2026. Practical skills and accredited certificates often outweigh traditional degrees. Start your upskilling journey with our free accredited tracks.
Adrigizmo Services,Corporate training? (QID-1879),Please visit our official portal at www.adrigizmo.com for detailed information regarding Adrigizmo Services.
Adrigizmo Services,What is Adrigizmo? (QID-1880),Please visit our official portal at www.adrigizmo.com for detailed information regarding Adrigizmo Services.
Career Guidance,Career growth in 2026? (QID-1881),Continuous upskilling is essential in 2026. Practical skills and accredited certificates often outweigh traditional degrees. Start your upskilling journey with our free accredited tracks.
ATS Resume Builder,Is it free? (QID-1882),Our ATS Resume Builder is 100% free. It is designed to pass Applicant Tracking Systems. Your data stays in your browser and is not stored on our servers.
Game & Challenge,Purpose of game? (QID-1883),Please visit our official portal at www.adrigizmo.com for detailed information regarding Game & Challenge.
Adrigizmo Services,What is Adrigizmo? (QID-1884),Please visit our official portal at www.adrigizmo.com for detailed information regarding Adrigizmo Services.
ATS Resume Builder,Is it free? (QID-1885),Our ATS Resume Builder is 100% free. It is designed to pass Applicant Tracking Systems. Your data stays in your browser and is not stored on our servers.
ATS Resume Builder,Custom templates? (QID-1886),Our ATS Resume Builder is 100% free. It is designed to pass Applicant Tracking Systems. Your data stays in your browser and is not stored on our servers.
Career Guidance,Is university degree enough?? (QID-1887),Continuous upskilling is essential in 2026. Practical skills and accredited certificates often outweigh traditional degrees. Start your upskilling journey with our free accredited tracks.
Adrigizmo Services,Contact details? (QID-1888),Please visit our official portal at www.adrigizmo.com for detailed information regarding Adrigizmo Services.
Career Guidance,Career growth in 2026? (QID-1889),Continuous upskilling is essential in 2026. Practical skills and accredited certificates often outweigh traditional degrees. Start your upskilling journey with our free accredited tracks.
Free Courses,How to register for free? (QID-1890),"All courses on Alison via ADRIGIZMO are 100% free to learn. You can access 6,000+ courses, modules, and quizzes without upfront costs. Certificates are optional for a small fee."
Adrigizmo Services,Corporate training? (QID-1891),Please visit our official portal at www.adrigizmo.com for detailed information regarding Adrigizmo Services.
Free Courses,How to register for free? (QID-1892),"All courses on Alison via ADRIGIZMO are 100% free to learn. You can access 6,000+ courses, modules, and quizzes without upfront costs. Certificates are optional for a small fee."
Adrigizmo Services,About M.T. Manukumar? (QID-1893),Please visit our official portal at www.adrigizmo.com for detailed information regarding Adrigizmo Services.
Game & Challenge,Field selection? (QID-1894),Please visit our official portal at www.adrigizmo.com for detailed information regarding Game & Challenge.
ATS Resume Builder,Is it free? (QID-1895),Our ATS Resume Builder is 100% free. It is designed to pass Applicant Tracking Systems. Your data stays in your browser and is not stored on our servers.
Career Guidance,How to choose a career? (QID-1896),Continuous upskilling is essential in 2026. Practical skills and accredited certificates often outweigh traditional degrees. Start your upskilling journey with our free accredited tracks.
Career Guidance,Is university degree enough?? (QID-1897),Continuous upskilling is essential in 2026. Practical skills and accredited certificates often outweigh traditional degrees. Start your upskilling journey with our free accredited tracks.
Adrigizmo Services,Corporate training? (QID-1898),Please visit our official portal at www.adrigizmo.com for detailed information regarding Adrigizmo Services.
Game & Challenge,Field selection? (QID-1899),Please visit our official portal at www.adrigizmo.com for detailed information regarding Game & Challenge.
Free Courses,How to register for free? (QID-1900),"All courses on Alison via ADRIGIZMO are 100% free to learn. You can access 6,000+ courses, modules, and quizzes without upfront costs. Certificates are optional for a small fee."
Game & Challenge,3D Escape Room Challenge? (QID-1901),Please visit our official portal at www.adrigizmo.com for detailed information regarding Game & Challenge.
Career Guidance,Importance of practical skills? (QID-1902),Continuous upskilling is essential in 2026. Practical skills and accredited certificates often outweigh traditional degrees. Start your upskilling journey with our free accredited tracks.
Game & Challenge,Purpose of game? (QID-1903),Please visit our official portal at www.adrigizmo.com for detailed information regarding Game & Challenge.
Adrigizmo Services,Contact details? (QID-1904),Please visit our official portal at www.adrigizmo.com for detailed information regarding Adrigizmo Services.
Adrigizmo Services,What is Adrigizmo? (QID-1905),Please visit our official portal at www.adrigizmo.com for detailed information regarding Adrigizmo Services.
ATS Resume Builder,How to build a resume? (QID-1906),Our ATS Resume Builder is 100% free. It is designed to pass Applicant Tracking Systems. Your data stays in your browser and is not stored on our servers.
Career Guidance,Is university degree enough?? (QID-1907),Continuous upskilling is essential in 2026. Practical skills and accredited certificates often outweigh traditional degrees. Start your upskilling journey with our free accredited tracks.
Adrigizmo Services,About M.T. Manukumar? (QID-1908),Please visit our official portal at www.adrigizmo.com for detailed information regarding Adrigizmo Services.
Free Courses,Course assessment process? (QID-1909),"All courses on Alison via ADRIGIZMO are 100% free to learn. You can access 6,000+ courses, modules, and quizzes without upfront costs. Certificates are optional for a small fee."
Game & Challenge,Purpose of game? (QID-1910),Please visit our official portal at www.adrigizmo.com for detailed information regarding Game & Challenge.
Career Guidance,How to choose a career? (QID-1911),Continuous upskilling is essential in 2026. Practical skills and accredited certificates often outweigh traditional degrees. Start your upskilling journey with our free accredited tracks.
Free Courses,Alison free courses? (QID-1912),"All courses on Alison via ADRIGIZMO are 100% free to learn. You can access 6,000+ courses, modules, and quizzes without upfront costs. Certificates are optional for a small fee."
ATS Resume Builder,Custom templates? (QID-1913),Our ATS Resume Builder is 100% free. It is designed to pass Applicant Tracking Systems. Your data stays in your browser and is not stored on our servers.
Game & Challenge,Purpose of game? (QID-1914),Please visit our official portal at www.adrigizmo.com for detailed information regarding Game & Challenge.
Game & Challenge,Field selection? (QID-1915),Please visit our official portal at www.adrigizmo.com for detailed information regarding Game & Challenge.
Free Courses,How to register for free? (QID-1916),"All courses on Alison via ADRIGIZMO are 100% free to learn. You can access 6,000+ courses, modules, and quizzes without upfront costs. Certificates are optional for a small fee."
ATS Resume Builder,How to build a resume? (QID-1917),Our ATS Resume Builder is 100% free. It is designed to pass Applicant Tracking Systems. Your data stays in your browser and is not stored on our servers.
ATS Resume Builder,How to build a resume? (QID-1918),Our ATS Resume Builder is 100% free. It is designed to pass Applicant Tracking Systems. Your data stays in your browser and is not stored on our servers.
Career Guidance,Upskilling importance? (QID-1919),Continuous upskilling is essential in 2026. Practical skills and accredited certificates often outweigh traditional degrees. Start your upskilling journey with our free accredited tracks.
Free Courses,Course assessment process? (QID-1920),"All courses on Alison via ADRIGIZMO are 100% free to learn. You can access 6,000+ courses, modules, and quizzes without upfront costs. Certificates are optional for a small fee."
Free Courses,Alison free courses? (QID-1921),"All courses on Alison via ADRIGIZMO are 100% free to learn. You can access 6,000+ courses, modules, and quizzes without upfront costs. Certificates are optional for a small fee."
Adrigizmo Services,Contact details? (QID-1922),Please visit our official portal at www.adrigizmo.com for detailed information regarding Adrigizmo Services.
Free Courses,Alison free courses? (QID-1923),"All courses on Alison via ADRIGIZMO are 100% free to learn. You can access 6,000+ courses, modules, and quizzes without upfront costs. Certificates are optional for a small fee."
Adrigizmo Services,WhatsApp support? (QID-1924),Please visit our official portal at www.adrigizmo.com for detailed information regarding Adrigizmo Services.
Free Courses,Alison free courses? (QID-1925),"All courses on Alison via ADRIGIZMO are 100% free to learn. You can access 6,000+ courses, modules, and quizzes without upfront costs. Certificates are optional for a small fee."
Free Courses,Accredited certificates? (QID-1926),"All courses on Alison via ADRIGIZMO are 100% free to learn. You can access 6,000+ courses, modules, and quizzes without upfront costs. Certificates are optional for a small fee."
Adrigizmo Services,What is Adrigizmo? (QID-1927),Please visit our official portal at www.adrigizmo.com for detailed information regarding Adrigizmo Services.
Career Guidance,How to choose a career? (QID-1928),Continuous upskilling is essential in 2026. Practical skills and accredited certificates often outweigh traditional degrees. Start your upskilling journey with our free accredited tracks.
Adrigizmo Services,Corporate training? (QID-1929),Please visit our official portal at www.adrigizmo.com for detailed information regarding Adrigizmo Services.
Career Guidance,How to choose a career? (QID-1930),Continuous upskilling is essential in 2026. Practical skills and accredited certificates often outweigh traditional degrees. Start your upskilling journey with our free accredited tracks.
Game & Challenge,3D Escape Room Challenge? (QID-1931),Please visit our official portal at www.adrigizmo.com for detailed information regarding Game & Challenge.
ATS Resume Builder,Custom templates? (QID-1932),Our ATS Resume Builder is 100% free. It is designed to pass Applicant Tracking Systems. Your data stays in your browser and is not stored on our servers.
ATS Resume Builder,How to build a resume? (QID-1933),Our ATS Resume Builder is 100% free. It is designed to pass Applicant Tracking Systems. Your data stays in your browser and is not stored on our servers.
Career Guidance,How to choose a career? (QID-1934),Continuous upskilling is essential in 2026. Practical skills and accredited certificates often outweigh traditional degrees. Start your upskilling journey with our free accredited tracks.
Career Guidance,Career growth in 2026? (QID-1935),Continuous upskilling is essential in 2026. Practical skills and accredited certificates often outweigh traditional degrees. Start your upskilling journey with our free accredited tracks.
Game & Challenge,Field selection? (QID-1936),Please visit our official portal at www.adrigizmo.com for detailed information regarding Game & Challenge.
Game & Challenge,Field selection? (QID-1937),Please visit our official portal at www.adrigizmo.com for detailed information regarding Game & Challenge.
Career Guidance,Upskilling importance? (QID-1938),Continuous upskilling is essential in 2026. Practical skills and accredited certificates often outweigh traditional degrees. Start your upskilling journey with our free accredited tracks.
Game & Challenge,Field selection? (QID-1939),Please visit our official portal at www.adrigizmo.com for detailed information regarding Game & Challenge.
Adrigizmo Services,Corporate training? (QID-1940),Please visit our official portal at www.adrigizmo.com for detailed information regarding Adrigizmo Services.
Free Courses,Course assessment process? (QID-1941),"All courses on Alison via ADRIGIZMO are 100% free to learn. You can access 6,000+ courses, modules, and quizzes without upfront costs. Certificates are optional for a small fee."
Free Courses,Accredited certificates? (QID-1942),"All courses on Alison via ADRIGIZMO are 100% free to learn. You can access 6,000+ courses, modules, and quizzes without upfront costs. Certificates are optional for a small fee."
Free Courses,Alison free courses? (QID-1943),"All courses on Alison via ADRIGIZMO are 100% free to learn. You can access 6,000+ courses, modules, and quizzes without upfront costs. Certificates are optional for a small fee."
Career Guidance,Upskilling importance? (QID-1944),Continuous upskilling is essential in 2026. Practical skills and accredited certificates often outweigh traditional degrees. Start your upskilling journey with our free accredited tracks.
Adrigizmo Services,Corporate training? (QID-1945),Please visit our official portal at www.adrigizmo.com for detailed information regarding Adrigizmo Services.
Career Guidance,How to choose a career? (QID-1946),Continuous upskilling is essential in 2026. Practical skills and accredited certificates often outweigh traditional degrees. Start your upskilling journey with our free accredited tracks.
Career Guidance,Career growth in 2026? (QID-1947),Continuous upskilling is essential in 2026. Practical skills and accredited certificates often outweigh traditional degrees. Start your upskilling journey with our free accredited tracks.
Career Guidance,Importance of practical skills? (QID-1948),Continuous upskilling is essential in 2026. Practical skills and accredited certificates often outweigh traditional degrees. Start your upskilling journey with our free accredited tracks.
Game & Challenge,Field selection? (QID-1949),Please visit our official portal at www.adrigizmo.com for detailed information regarding Game & Challenge.
Free Courses,Accredited certificates? (QID-1950),"All courses on Alison via ADRIGIZMO are 100% free to learn. You can access 6,000+ courses, modules, and quizzes without upfront costs. Certificates are optional for a small fee."
Game & Challenge,3D Escape Room Challenge? (QID-1951),Please visit our official portal at www.adrigizmo.com for detailed information regarding Game & Challenge.
Adrigizmo Services,What is Adrigizmo? (QID-1952),Please visit our official portal at www.adrigizmo.com for detailed information regarding Adrigizmo Services.
Game & Challenge,3D Escape Room Challenge? (QID-1953),Please visit our official portal at www.adrigizmo.com for detailed information regarding Game & Challenge.
Career Guidance,Career growth in 2026? (QID-1954),Continuous upskilling is essential in 2026. Practical skills and accredited certificates often outweigh traditional degrees. Start your upskilling journey with our free accredited tracks.
Adrigizmo Services,About M.T. Manukumar? (QID-1955),Please visit our official portal at www.adrigizmo.com for detailed information regarding Adrigizmo Services.
ATS Resume Builder,Is it free? (QID-1956),Our ATS Resume Builder is 100% free. It is designed to pass Applicant Tracking Systems. Your data stays in your browser and is not stored on our servers.
Game & Challenge,3D Escape Room Challenge? (QID-1957),Please visit our official portal at www.adrigizmo.com for detailed information regarding Game & Challenge.
ATS Resume Builder,Custom templates? (QID-1958),Our ATS Resume Builder is 100% free. It is designed to pass Applicant Tracking Systems. Your data stays in your browser and is not stored on our servers.
Game & Challenge,3D Escape Room Challenge? (QID-1959),Please visit our official portal at www.adrigizmo.com for detailed information regarding Game & Challenge.
Adrigizmo Services,What is Adrigizmo? (QID-1960),Please visit our official portal at www.adrigizmo.com for detailed information regarding Adrigizmo Services.
Game & Challenge,Purpose of game? (QID-1961),Please visit our official portal at www.adrigizmo.com for detailed information regarding Game & Challenge.
ATS Resume Builder,Privacy of data? (QID-1962),Our ATS Resume Builder is 100% free. It is designed to pass Applicant Tracking Systems. Your data stays in your browser and is not stored on our servers.
Free Courses,Duration of courses? (QID-1963),"All courses on Alison via ADRIGIZMO are 100% free to learn. You can access 6,000+ courses, modules, and quizzes without upfront costs. Certificates are optional for a small fee."
Game & Challenge,Purpose of game? (QID-1964),Please visit our official portal at www.adrigizmo.com for detailed information regarding Game & Challenge.
ATS Resume Builder,Custom templates? (QID-1965),Our ATS Resume Builder is 100% free. It is designed to pass Applicant Tracking Systems. Your data stays in your browser and is not stored on our servers.
Adrigizmo Services,About M.T. Manukumar? (QID-1966),Please visit our official portal at www.adrigizmo.com for detailed information regarding Adrigizmo Services.
ATS Resume Builder,How to build a resume? (QID-1967),Our ATS Resume Builder is 100% free. It is designed to pass Applicant Tracking Systems. Your data stays in your browser and is not stored on our servers.
ATS Resume Builder,Custom templates? (QID-1968),Our ATS Resume Builder is 100% free. It is designed to pass Applicant Tracking Systems. Your data stays in your browser and is not stored on our servers.
Free Courses,Duration of courses? (QID-1969),"All courses on Alison via ADRIGIZMO are 100% free to learn. You can access 6,000+ courses, modules, and quizzes without upfront costs. Certificates are optional for a small fee."
Career Guidance,Upskilling importance? (QID-1970),Continuous upskilling is essential in 2026. Practical skills and accredited certificates often outweigh traditional degrees. Start your upskilling journey with our free accredited tracks.
Free Courses,Duration of courses? (QID-1971),"All courses on Alison via ADRIGIZMO are 100% free to learn. You can access 6,000+ courses, modules, and quizzes without upfront costs. Certificates are optional for a small fee."
ATS Resume Builder,What is ATS resume? (QID-1972),Our ATS Resume Builder is 100% free. It is designed to pass Applicant Tracking Systems. Your data stays in your browser and is not stored on our servers.
Free Courses,Duration of courses? (QID-1973),"All courses on Alison via ADRIGIZMO are 100% free to learn. You can access 6,000+ courses, modules, and quizzes without upfront costs. Certificates are optional for a small fee."
Free Courses,Course assessment process? (QID-1974),"All courses on Alison via ADRIGIZMO are 100% free to learn. You can access 6,000+ courses, modules, and quizzes without upfront costs. Certificates are optional for a small fee."
Free Courses,How to register for free? (QID-1975),"All courses on Alison via ADRIGIZMO are 100% free to learn. You can access 6,000+ courses, modules, and quizzes without upfront costs. Certificates are optional for a small fee."
Career Guidance,How to choose a career? (QID-1976),Continuous upskilling is essential in 2026. Practical skills and accredited certificates often outweigh traditional degrees. Start your upskilling journey with our free accredited tracks.
Adrigizmo Services,Contact details? (QID-1977),Please visit our official portal at www.adrigizmo.com for detailed information regarding Adrigizmo Services.
Free Courses,Alison free courses? (QID-1978),"All courses on Alison via ADRIGIZMO are 100% free to learn. You can access 6,000+ courses, modules, and quizzes without upfront costs. Certificates are optional for a small fee."
Free Courses,Accredited certificates? (QID-1979),"All courses on Alison via ADRIGIZMO are 100% free to learn. You can access 6,000+ courses, modules, and quizzes without upfront costs. Certificates are optional for a small fee."
Game & Challenge,Field selection? (QID-1980),Please visit our official portal at www.adrigizmo.com for detailed information regarding Game & Challenge.
Game & Challenge,3D Escape Room Challenge? (QID-1981),Please visit our official portal at www.adrigizmo.com for detailed information regarding Game & Challenge.
Free Courses,Alison free courses? (QID-1982),"All courses on Alison via ADRIGIZMO are 100% free to learn. You can access 6,000+ courses, modules, and quizzes without upfront costs. Certificates are optional for a small fee."
Game & Challenge,Purpose of game? (QID-1983),Please visit our official portal at www.adrigizmo.com for detailed information regarding Game & Challenge.
ATS Resume Builder,Custom templates? (QID-1984),Our ATS Resume Builder is 100% free. It is designed to pass Applicant Tracking Systems. Your data stays in your browser and is not stored on our servers.
Game & Challenge,3D Escape Room Challenge? (QID-1985),Please visit our official portal at www.adrigizmo.com for detailed information regarding Game & Challenge.
Game & Challenge,3D Escape Room Challenge? (QID-1986),Please visit our official portal at www.adrigizmo.com for detailed information regarding Game & Challenge.
ATS Resume Builder,Custom templates? (QID-1987),Our ATS Resume Builder is 100% free. It is designed to pass Applicant Tracking Systems. Your data stays in your browser and is not stored on our servers.
Free Courses,How to register for free? (QID-1988),"All courses on Alison via ADRIGIZMO are 100% free to learn. You can access 6,000+ courses, modules, and quizzes without upfront costs. Certificates are optional for a small fee."
Game & Challenge,Field selection? (QID-1989),Please visit our official portal at www.adrigizmo.com for detailed information regarding Game & Challenge.
ATS Resume Builder,How to build a resume? (QID-1990),Our ATS Resume Builder is 100% free. It is designed to pass Applicant Tracking Systems. Your data stays in your browser and is not stored on our servers.
ATS Resume Builder,Custom templates? (QID-1991),Our ATS Resume Builder is 100% free. It is designed to pass Applicant Tracking Systems. Your data stays in your browser and is not stored on our servers.
Adrigizmo Services,WhatsApp support? (QID-1992),Please visit our official portal at www.adrigizmo.com for detailed information regarding Adrigizmo Services.
Game & Challenge,Purpose of game? (QID-1993),Please visit our official portal at www.adrigizmo.com for detailed information regarding Game & Challenge.
Game & Challenge,3D Escape Room Challenge? (QID-1994),Please visit our official portal at www.adrigizmo.com for detailed information regarding Game & Challenge.
Game & Challenge,Field selection? (QID-1995),Please visit our official portal at www.adrigizmo.com for detailed information regarding Game & Challenge.
ATS Resume Builder,Privacy of data? (QID-1996),Our ATS Resume Builder is 100% free. It is designed to pass Applicant Tracking Systems. Your data stays in your browser and is not stored on our servers.
Game & Challenge,How to play? (QID-1997),Please visit our official portal at www.adrigizmo.com for detailed information regarding Game & Challenge.
ATS Resume Builder,How to build a resume? (QID-1998),Our ATS Resume Builder is 100% free. It is designed to pass Applicant Tracking Systems. Your data stays in your browser and is not stored on our servers.
Game & Challenge,Field selection? (QID-1999),Please visit our official portal at www.adrigizmo.com for detailed information regarding Game & Challenge.
Free Courses,Alison free courses? (QID-2000),"All courses on Alison via ADRIGIZMO are 100% free to learn. You can access 6,000+ courses, modules, and quizzes without upfront costs. Certificates are optional for a small fee."
